Ground Truth,Corn-Corn,Corn-Diffuse built-up area,Corn-Grasslands,Corn-Industrial and commercial areas,Corn-Natural grasslands and pastures,Corn-Oilseeds (Rapeseed),Corn-Orchards and fruit growing,Corn-Protein crops (Beans / Peas),Corn-Roads,Corn-Soy,"Corn-Straw cereals (Wheat, Triticale, Barley)",Corn-Sunflower,Corn-Tubers/roots,Corn-Vineyards,Corn-Woody moorlands,Dense built-up area-Dense built-up area,Dense built-up area-Diffuse built-up area,Dense built-up area-Grasslands,Dense built-up area-Industrial and commercial areas,Dense built-up area-Oilseeds (Rapeseed),Dense built-up area-Roads,"Dense built-up area-Straw cereals (Wheat, Triticale, Barley)",Dense built-up area-Sunflower,Dense built-up area-Water,Diffuse built-up area-Corn,Diffuse built-up area-Dense built-up area,Diffuse built-up area-Diffuse built-up area,Diffuse built-up area-Grasslands,Diffuse built-up area-Hardwood forest,Diffuse built-up area-Industrial and commercial areas,Diffuse built-up area-Natural grasslands and pastures,Diffuse built-up area-Oilseeds (Rapeseed),Diffuse built-up area-Orchards and fruit growing,Diffuse built-up area-Protein crops (Beans / Peas),Diffuse built-up area-Roads,Diffuse built-up area-Softwood forest,Diffuse built-up area-Soy,"Diffuse built-up area-Straw cereals (Wheat, Triticale, Barley)",Diffuse built-up area-Sunflower,Diffuse built-up area-Tubers/roots,Diffuse built-up area-Vineyards,Diffuse built-up area-Water,Diffuse built-up area-Woody moorlands,Grasslands-Corn,Grasslands-Dense built-up area,Grasslands-Diffuse built-up area,Grasslands-Grasslands,Grasslands-Hardwood forest,Grasslands-Industrial and commercial areas,Grasslands-Natural grasslands and pastures,Grasslands-Oilseeds (Rapeseed),Grasslands-Orchards and fruit growing,Grasslands-Protein crops (Beans / Peas),Grasslands-Roads,Grasslands-Softwood forest,Grasslands-Soy,"Grasslands-Straw cereals (Wheat, Triticale, Barley)",Grasslands-Sunflower,Grasslands-Vineyards,Grasslands-Water,Grasslands-Woody moorlands,Hardwood forest-Corn,Hardwood forest-Diffuse built-up area,Hardwood forest-Grasslands,Hardwood forest-Hardwood forest,Hardwood forest-Industrial and commercial areas,Hardwood forest-Natural grasslands and pastures,Hardwood forest-Orchards and fruit growing,Hardwood forest-Roads,Hardwood forest-Softwood forest,Hardwood forest-Soy,"Hardwood forest-Straw cereals (Wheat, Triticale, Barley)",Hardwood forest-Sunflower,Hardwood forest-Vineyards,Hardwood forest-Water,Hardwood forest-Woody moorlands,Industrial and commercial areas-Corn,Industrial and commercial areas-Dense built-up area,Industrial and commercial areas-Diffuse built-up area,Industrial and commercial areas-Grasslands,Industrial and commercial areas-Hardwood forest,Industrial and commercial areas-Industrial and commercial areas,Industrial and commercial areas-Natural grasslands and pastures,Industrial and commercial areas-Oilseeds (Rapeseed),Industrial and commercial areas-Orchards and fruit growing,Industrial and commercial areas-Protein crops (Beans / Peas),Industrial and commercial areas-Roads,Industrial and commercial areas-Softwood forest,Industrial and commercial areas-Soy,"Industrial and commercial areas-Straw cereals (Wheat, Triticale, Barley)",Industrial and commercial areas-Sunflower,Industrial and commercial areas-Tubers/roots,Industrial and commercial areas-Vineyards,Industrial and commercial areas-Water,Industrial and commercial areas-Woody moorlands,Natural grasslands and pastures-Corn,Natural grasslands and pastures-Diffuse built-up area,Natural grasslands and pastures-Grasslands,Natural grasslands and pastures-Hardwood forest,Natural grasslands and pastures-Industrial and commercial areas,Natural grasslands and pastures-Natural grasslands and pastures,Natural grasslands and pastures-Oilseeds (Rapeseed),Natural grasslands and pastures-Orchards and fruit growing,Natural grasslands and pastures-Roads,Natural grasslands and pastures-Softwood forest,Natural grasslands and pastures-Soy,"Natural grasslands and pastures-Straw cereals (Wheat, Triticale, Barley)",Natural grasslands and pastures-Sunflower,Natural grasslands and pastures-Tubers/roots,Natural grasslands and pastures-Vineyards,Natural grasslands and pastures-Water,Natural grasslands and pastures-Woody moorlands,Oilseeds (Rapeseed)-Corn,Oilseeds (Rapeseed)-Diffuse built-up area,Oilseeds (Rapeseed)-Grasslands,Oilseeds (Rapeseed)-Industrial and commercial areas,Oilseeds (Rapeseed)-Natural grasslands and pastures,Oilseeds (Rapeseed)-Oilseeds (Rapeseed),Oilseeds (Rapeseed)-Orchards and fruit growing,Oilseeds (Rapeseed)-Protein crops (Beans / Peas),Oilseeds (Rapeseed)-Roads,Oilseeds (Rapeseed)-Soy,"Oilseeds (Rapeseed)-Straw cereals (Wheat, Triticale, Barley)",Oilseeds (Rapeseed)-Sunflower,Oilseeds (Rapeseed)-Tubers/roots,Oilseeds (Rapeseed)-Vineyards,Oilseeds (Rapeseed)-Water,Oilseeds (Rapeseed)-Woody moorlands,Orchards and fruit growing-Corn,Orchards and fruit growing-Diffuse built-up area,Orchards and fruit growing-Grasslands,Orchards and fruit growing-Hardwood forest,Orchards and fruit growing-Industrial and commercial areas,Orchards and fruit growing-Natural grasslands and pastures,Orchards and fruit growing-Oilseeds (Rapeseed),Orchards and fruit growing-Orchards and fruit growing,Orchards and fruit growing-Protein crops (Beans / Peas),Orchards and fruit growing-Roads,Orchards and fruit growing-Softwood forest,Orchards and fruit growing-Soy,"Orchards and fruit growing-Straw cereals (Wheat, Triticale, Barley)",Orchards and fruit growing-Sunflower,Orchards and fruit growing-Vineyards,Orchards and fruit growing-Water,Orchards and fruit growing-Woody moorlands,Protein crops (Beans / Peas)-Corn,Protein crops (Beans / Peas)-Diffuse built-up area,Protein crops (Beans / Peas)-Grasslands,Protein crops (Beans / Peas)-Hardwood forest,Protein crops (Beans / Peas)-Industrial and commercial areas,Protein crops (Beans / Peas)-Natural grasslands and pastures,Protein crops (Beans / Peas)-Oilseeds (Rapeseed),Protein crops (Beans / Peas)-Protein crops (Beans / Peas),Protein crops (Beans / Peas)-Roads,Protein crops (Beans / Peas)-Soy,"Protein crops (Beans / Peas)-Straw cereals (Wheat, Triticale, Barley)",Protein crops (Beans / Peas)-Sunflower,Protein crops (Beans / Peas)-Tubers/roots,Protein crops (Beans / Peas)-Vineyards,Protein crops (Beans / Peas)-Woody moorlands,Roads-Corn,Roads-Dense built-up area,Roads-Diffuse built-up area,Roads-Grasslands,Roads-Hardwood forest,Roads-Industrial and commercial areas,Roads-Natural grasslands and pastures,Roads-Oilseeds (Rapeseed),Roads-Orchards and fruit growing,Roads-Roads,Roads-Soy,"Roads-Straw cereals (Wheat, Triticale, Barley)",Roads-Sunflower,Roads-Vineyards,Roads-Water,Softwood forest-Corn,Softwood forest-Diffuse built-up area,Softwood forest-Grasslands,Softwood forest-Hardwood forest,Softwood forest-Industrial and commercial areas,Softwood forest-Natural grasslands and pastures,Softwood forest-Orchards and fruit growing,Softwood forest-Roads,Softwood forest-Softwood forest,Softwood forest-Soy,"Softwood forest-Straw cereals (Wheat, Triticale, Barley)",Softwood forest-Sunflower,Softwood forest-Water,Softwood forest-Woody moorlands,Soy-Corn,Soy-Diffuse built-up area,Soy-Grasslands,Soy-Hardwood forest,Soy-Industrial and commercial areas,Soy-Natural grasslands and pastures,Soy-Oilseeds (Rapeseed),Soy-Orchards and fruit growing,Soy-Protein crops (Beans / Peas),Soy-Roads,Soy-Soy,"Soy-Straw cereals (Wheat, Triticale, Barley)",Soy-Sunflower,Soy-Tubers/roots,Soy-Vineyards,Soy-Water,Soy-Woody moorlands,"Straw cereals (Wheat, Triticale, Barley)-Corn","Straw cereals (Wheat, Triticale, Barley)-Dense built-up area","Straw cereals (Wheat, Triticale, Barley)-Diffuse built-up area","Straw cereals (Wheat, Triticale, Barley)-Grasslands","Straw cereals (Wheat, Triticale, Barley)-Hardwood forest","Straw cereals (Wheat, Triticale, Barley)-Industrial and commercial areas","Straw cereals (Wheat, Triticale, Barley)-Natural grasslands and pastures","Straw cereals (Wheat, Triticale, Barley)-Oilseeds (Rapeseed)","Straw cereals (Wheat, Triticale, Barley)-Orchards and fruit growing","Straw cereals (Wheat, Triticale, Barley)-Protein crops (Beans / Peas)","Straw cereals (Wheat, Triticale, Barley)-Roads","Straw cereals (Wheat, Triticale, Barley)-Softwood forest","Straw cereals (Wheat, Triticale, Barley)-Soy","Straw cereals (Wheat, Triticale, Barley)-Straw cereals (Wheat, Triticale, Barley)","Straw cereals (Wheat, Triticale, Barley)-Sunflower","Straw cereals (Wheat, Triticale, Barley)-Tubers/roots","Straw cereals (Wheat, Triticale, Barley)-Vineyards","Straw cereals (Wheat, Triticale, Barley)-Water","Straw cereals (Wheat, Triticale, Barley)-Woody moorlands",Sunflower-Corn,Sunflower-Dense built-up area,Sunflower-Diffuse built-up area,Sunflower-Grasslands,Sunflower-Hardwood forest,Sunflower-Industrial and commercial areas,Sunflower-Natural grasslands and pastures,Sunflower-Oilseeds (Rapeseed),Sunflower-Orchards and fruit growing,Sunflower-Protein crops (Beans / Peas),Sunflower-Roads,Sunflower-Softwood forest,Sunflower-Soy,"Sunflower-Straw cereals (Wheat, Triticale, Barley)",Sunflower-Sunflower,Sunflower-Tubers/roots,Sunflower-Vineyards,Sunflower-Water,Sunflower-Woody moorlands,Tubers/roots-Corn,Tubers/roots-Industrial and commercial areas,Tubers/roots-Oilseeds (Rapeseed),Tubers/roots-Soy,"Tubers/roots-Straw cereals (Wheat, Triticale, Barley)",Tubers/roots-Sunflower,Vineyards-Corn,Vineyards-Diffuse built-up area,Vineyards-Grasslands,Vineyards-Hardwood forest,Vineyards-Industrial and commercial areas,Vineyards-Natural grasslands and pastures,Vineyards-Oilseeds (Rapeseed),Vineyards-Orchards and fruit growing,Vineyards-Protein crops (Beans / Peas),Vineyards-Soy,Vineyards-Sunflower,Vineyards-Vineyards,Water-Corn,Water-Dense built-up area,Water-Diffuse built-up area,Water-Grasslands,Water-Hardwood forest,Water-Industrial and commercial areas,Water-Natural grasslands and pastures,Water-Orchards and fruit growing,Water-Roads,Water-Softwood forest,Water-Soy,"Water-Straw cereals (Wheat, Triticale, Barley)",Water-Sunflower,Water-Vineyards,Water-Water,Water-Woody moorlands,Woody moorlands-Corn,Woody moorlands-Diffuse built-up area,Woody moorlands-Grasslands,Woody moorlands-Hardwood forest,Woody moorlands-Industrial and commercial areas,Woody moorlands-Natural grasslands and pastures,Woody moorlands-Oilseeds (Rapeseed),Woody moorlands-Orchards and fruit growing,Woody moorlands-Softwood forest,Woody moorlands-Soy,"Woody moorlands-Straw cereals (Wheat, Triticale, Barley)",Woody moorlands-Sunflower,Woody moorlands-Vineyards,Woody moorlands-Woody moorlands,recall
Corn-Corn,128288.0,7,32,16,0,22.0,0,2.0,0,299.0,222.0,188.0,0.0,4,0,0.0,0,0,0,0,0,0,0,0,219.0,0,12.0,1,2,101,0,0,3,0,0,0,12,3.0,32.0,0,3,0,0,69.0,0,4,73.0,0,29,0,0,0,0,0,0,0,0.0,0.0,0,0,0,0,0,0,2.0,0,0,0,0,0,0,0,0,0,0,0,7,0,0,1,0,26.0,0,0,0,0,0,0,1,0,4.0,0,0,0,0,0,0,0,0,0,0.0,0,0,0,0,0,0,0,0,0,0,0,18.0,1,112,2,0,1.0,0,0.0,0,1.0,31.0,15.0,0.0,0,0,0,1,0,0,0,0,0,0,0.0,0,0,0,0.0,0.0,0.0,0,0,0,17.0,0,0,0,32,0,8.0,0,0,0.0,0.0,1.0,0.0,0,0,0,0,0,0,0,0,0,0,0,0.0,0,0,0,0,0,0,0,0,0,0,0,0,0,0.0,0,0,0,0,0,2737.0,0,0,0,1,0,0,0,0.0,0,147.0,0.0,75.0,0.0,0,0,0,96.0,0,0,12,0,5,0,0.0,0,0.0,0,0,0.0,0.0,73.0,0.0,0,0,0,2563.0,0,1,0,2,122,0,13.0,0,0.0,0,0,140.0,8.0,130.0,0.0,2,0,0,0.0,0,0.0,0.0,0.0,0.0,2.0,0,0,0,0,0,0,0,0,0,0.0,0.0,0,0,0,0,0,0,0,0,0,0,0,0,0,0,0.0,0,0,0,0,0,0,0,0,0,0,0,0.0,0,0,0.0,98.05027552946751
Corn-Oilseeds (Rapeseed),0.0,0,0,0,0,370.0,0,0.0,0,0.0,0.0,0.0,0.0,0,0,0.0,0,0,0,0,0,0,0,0,0.0,0,0.0,0,0,1,0,4,0,0,0,0,0,0.0,0.0,0,0,0,0,0.0,0,0,1.0,0,0,0,4,0,0,0,0,0,0.0,0.0,0,0,0,0,0,0,0.0,0,0,0,0,0,0,0,0,0,0,0,0,0,0,0,0,2.0,0,17,0,0,0,0,0,0,0.0,0,0,0,0,0,0,0,0,0,0.0,0,0,0,0,0,0,0,0,0,0,0,0.0,0,0,0,0,0.0,0,0.0,0,0.0,0.0,0.0,0.0,0,0,0,0,0,0,0,0,0,0,0.0,0,0,0,0.0,0.0,0.0,0,0,0,0.0,0,0,0,0,0,0.0,0,0,0.0,0.0,0.0,0.0,0,0,0,0,0,0,0,0,0,0,0,0.0,0,0,0,0,0,0,0,0,0,0,0,0,0,0.0,0,0,0,0,0,0.0,0,0,0,0,0,0,0,0.0,0,0.0,0.0,0.0,0.0,0,0,0,0.0,0,0,0,0,0,0,1.0,0,0.0,0,0,0.0,0.0,0.0,0.0,0,0,0,0.0,0,0,0,0,0,0,37.0,0,0.0,0,0,0.0,0.0,0.0,0.0,0,0,0,0.0,0,0.0,0.0,0.0,0.0,0.0,0,0,0,0,0,0,0,0,0,0.0,0.0,0,0,0,0,0,0,0,0,0,0,0,0,0,0,0.0,0,0,0,0,0,0,0,0,0,0,0,0.0,0,0,0.0,86.44859813084112
Corn-Protein crops (Beans / Peas),0.0,0,0,1,0,17.0,0,894.0,0,0.0,0.0,0.0,21.0,0,0,0.0,0,0,0,0,0,0,0,0,0.0,0,0.0,0,0,0,0,1,0,0,0,0,0,0.0,0.0,0,0,0,0,0.0,0,0,0.0,0,0,0,0,0,0,0,0,0,0.0,0.0,0,0,0,0,0,0,0.0,0,0,0,0,0,0,0,0,0,0,0,0,0,0,0,0,0.0,0,0,0,0,0,0,0,0,0.0,0,0,0,0,0,0,0,0,0,0.0,0,0,0,0,0,0,0,0,0,0,0,0.0,0,0,0,0,0.0,0,0.0,0,0.0,0.0,0.0,0.0,0,0,0,0,0,0,0,0,0,0,0.0,0,0,0,0.0,0.0,0.0,0,0,0,0.0,0,0,0,0,0,0.0,0,0,0.0,0.0,0.0,0.0,0,0,0,0,0,0,0,0,0,0,0,0.0,0,0,0,0,0,0,0,0,0,0,0,0,0,0.0,0,0,0,0,0,0.0,0,0,0,0,0,17,0,75.0,0,0.0,0.0,0.0,0.0,0,0,0,0.0,0,0,0,0,0,0,0.0,0,0.0,0,0,0.0,0.0,0.0,0.0,0,0,0,0.0,0,1,0,0,0,0,4.0,0,27.0,0,0,0.0,0.0,7.0,0.0,0,0,0,0.0,0,0.0,0.0,0.0,0.0,0.0,0,0,0,0,0,0,0,0,0,0.0,0.0,0,0,0,0,0,0,0,0,0,0,0,0,0,0,0.0,0,0,0,0,0,0,0,0,0,0,0,0.0,0,0,0.0,90.12096774193549
Corn-Soy,282.0,0,11,14,0,0.0,0,0.0,0,32989.0,120.0,1072.0,0.0,0,0,0.0,0,0,0,0,0,0,0,0,0.0,0,0.0,7,1,17,1,0,2,0,0,0,46,0.0,1.0,0,0,0,0,0.0,0,0,0.0,0,0,0,0,0,0,0,0,5,0.0,0.0,0,0,0,0,0,0,0.0,0,0,0,0,0,0,0,0,0,0,0,1,0,0,0,0,0.0,0,0,0,0,0,0,2,0,0.0,0,0,0,0,0,0,0,0,0,0.0,0,0,0,0,0,0,0,0,0,0,0,0.0,0,0,0,0,0.0,0,0.0,0,0.0,0.0,0.0,0.0,0,0,0,0,0,0,0,1,0,0,1.0,0,0,0,1.0,0.0,0.0,0,0,0,0.0,0,0,0,0,0,0.0,0,0,12.0,0.0,2.0,0.0,0,0,0,0,0,0,0,0,0,0,0,0.0,0,0,0,0,0,0,0,0,0,0,0,0,0,0.0,0,0,0,0,0,32.0,0,0,0,0,0,0,0,0.0,0,754.0,1.0,29.0,0.0,0,0,0,0.0,0,0,0,0,0,0,0.0,0,0.0,0,0,5.0,0.0,2.0,0.0,0,0,0,19.0,0,0,0,0,3,0,1.0,0,0.0,0,0,1275.0,10.0,66.0,0.0,0,0,0,0.0,0,0.0,0.0,0.0,0.0,0.0,0,0,0,0,0,0,0,0,0,0.0,0.0,0,0,0,0,0,0,0,0,0,0,0,0,0,0,0.0,0,0,0,0,0,0,0,0,0,0,0,0.0,0,0,0.0,95.65910804384387
"Corn-Straw cereals (Wheat, Triticale, Barley)",2.0,0,0,20,0,6.0,0,0.0,0,0.0,37069.0,8.0,0.0,2,0,0.0,0,0,0,0,0,0,0,0,0.0,0,7.0,0,0,12,0,2,0,0,0,0,0,58.0,0.0,0,0,0,0,0.0,0,0,0.0,0,0,0,0,0,0,0,0,0,0.0,0.0,0,0,0,0,0,0,0.0,0,0,0,0,0,0,0,0,0,0,0,0,0,0,0,0,5.0,0,0,0,0,0,0,0,0,0.0,0,0,0,0,0,0,0,0,0,0.0,0,0,0,0,0,0,0,0,0,0,0,0.0,0,0,0,0,0.0,0,0.0,0,0.0,2.0,0.0,0.0,0,0,0,0,0,0,0,0,0,0,0.0,0,0,0,0.0,0.0,0.0,0,0,0,0.0,0,0,0,0,0,0.0,0,0,0.0,4.0,0.0,0.0,0,0,0,0,0,0,0,0,0,0,0,0.0,0,0,0,0,0,0,0,0,0,0,0,0,0,0.0,0,0,0,0,0,0.0,0,1,0,2,0,0,0,0.0,0,0.0,588.0,0.0,0.0,0,0,0,0.0,0,0,0,0,0,0,0.0,0,0.0,0,0,0.0,40.0,0.0,0.0,0,0,0,1.0,0,0,1,0,4,1,1.0,0,0.0,0,0,0.0,951.0,2.0,4.0,0,0,0,0.0,0,0.0,0.0,24.0,0.0,0.0,0,0,0,0,0,0,0,0,0,0.0,0.0,0,0,0,0,0,0,0,0,0,0,0,0,0,0,0.0,0,0,0,0,0,0,0,0,0,0,0,0.0,0,0,0.0,95.18295031454616
Corn-Sunflower,17.0,2,6,1,0,0.0,0,0.0,0,133.0,0.0,27527.0,0.0,0,0,0.0,0,0,0,0,0,0,0,0,0.0,0,0.0,4,0,2,0,0,0,0,0,0,0,0.0,19.0,0,0,0,0,0.0,0,0,1.0,0,0,0,0,0,0,0,0,0,0.0,0.0,0,0,0,0,0,1,0.0,0,0,0,0,0,0,0,0,0,0,0,0,0,0,0,0,1.0,3,0,0,0,0,0,0,0,0.0,0,0,0,0,0,0,0,0,0,0.0,0,0,0,0,0,0,0,0,0,0,0,0.0,0,2,0,0,0.0,0,0.0,0,0.0,0.0,0.0,0.0,0,0,0,0,0,0,0,0,0,0,0.0,0,0,0,0.0,0.0,0.0,0,0,0,0.0,0,2,0,0,0,0.0,0,0,0.0,0.0,0.0,0.0,0,0,0,0,0,0,0,0,0,0,0,0.0,0,0,1,0,0,0,0,0,0,0,0,0,0,0.0,0,0,0,0,0,2.0,0,0,0,0,0,0,0,0.0,0,13.0,0.0,504.0,0.0,0,0,0,0.0,0,0,1,0,0,0,0.0,0,0.0,0,0,0.0,0.0,41.0,0.0,0,0,0,0.0,0,0,4,0,2,0,3.0,0,0.0,0,0,12.0,2.0,463.0,0.0,0,0,0,0.0,0,0.0,0.0,0.0,0.0,0.0,0,0,0,0,0,0,0,0,0,0.0,0.0,0,0,0,0,0,0,0,0,0,0,0,0,0,0,0.0,0,0,0,2,0,0,0,0,0,0,0,0.0,0,0,0.0,93.2739224722147
Corn-Tubers/roots,1.0,0,0,3,0,0.0,0,0.0,0,0.0,0.0,14.0,658.0,0,0,0.0,0,0,0,0,0,0,0,0,0.0,0,0.0,0,0,2,0,0,0,0,0,0,0,0.0,0.0,0,0,0,0,0.0,0,0,0.0,0,0,0,0,0,0,0,0,0,0.0,0.0,0,0,0,0,0,0,0.0,0,0,0,0,0,0,0,0,0,0,0,0,0,0,0,0,0.0,0,0,0,0,0,0,0,0,0.0,0,0,0,0,0,0,0,0,0,0.0,0,0,0,0,0,0,0,0,0,0,0,0.0,0,0,1,0,0.0,0,0.0,0,0.0,0.0,0.0,0.0,0,0,0,0,0,0,0,0,0,0,0.0,0,0,0,0.0,0.0,0.0,0,0,0,0.0,0,0,0,0,0,0.0,0,0,0.0,0.0,0.0,0.0,0,0,0,0,0,0,0,0,0,0,0,0.0,0,0,0,0,0,0,0,0,0,0,0,0,0,0.0,0,0,0,0,0,0.0,0,0,0,0,0,0,0,0.0,0,0.0,0.0,0.0,0.0,0,0,0,0.0,0,0,0,0,0,0,0.0,0,0.0,0,0,0.0,0.0,0.0,0.0,0,0,0,0.0,0,0,0,0,0,0,0.0,0,0.0,0,0,0.0,0.0,0.0,0.0,0,0,0,0.0,0,0.0,0.0,0.0,0.0,0.0,0,0,0,0,0,0,0,0,0,0.0,0.0,0,0,0,0,0,0,0,0,0,0,0,0,0,0,0.0,0,0,0,0,0,0,0,0,0,0,0,0.0,0,0,0.0,94.54022988505747
Dense built-up area-Corn,0.0,0,0,0,0,0.0,0,0.0,0,0.0,0.0,0.0,0.0,0,0,0.0,0,0,0,0,0,0,0,0,0.0,0,0.0,0,0,0,0,0,0,0,0,0,0,0.0,0.0,0,0,0,0,0.0,0,0,0.0,0,0,0,0,0,0,0,0,0,0.0,0.0,0,0,0,0,0,0,0.0,0,0,0,0,0,0,0,0,0,0,0,0,0,0,0,0,0.0,0,0,0,0,0,0,0,0,0.0,0,0,0,0,0,0,0,0,0,0.0,0,0,0,0,0,0,0,0,0,0,0,0.0,0,0,0,0,0.0,0,0.0,0,0.0,0.0,0.0,0.0,0,0,0,0,0,0,0,0,0,0,0.0,0,0,0,0.0,0.0,0.0,0,0,0,0.0,0,0,0,0,0,0.0,0,0,0.0,0.0,0.0,0.0,0,0,0,0,0,0,0,0,0,0,0,0.0,0,0,0,0,0,0,0,0,0,0,0,0,0,0.0,0,0,0,0,0,0.0,0,0,0,0,0,0,0,0.0,0,0.0,0.0,0.0,0.0,0,0,0,12.0,0,0,0,0,0,0,0.0,0,0.0,0,0,0.0,0.0,0.0,0.0,0,0,0,0.0,0,0,0,0,0,0,0.0,0,0.0,0,0,0.0,0.0,0.0,0.0,0,0,0,0.0,0,0.0,0.0,0.0,0.0,0.0,0,0,0,0,0,0,0,0,0,0.0,0.0,0,0,0,0,0,0,0,0,0,0,0,0,0,0,0.0,0,0,0,0,0,0,0,0,0,0,0,0.0,0,0,0.0,0.0
Dense built-up area-Dense built-up area,1.0,0,0,0,0,0.0,0,0.0,0,0.0,4.0,0.0,0.0,0,0,17714.0,5975,24,1382,4,30,3,3,3,14.0,1657,74743.0,266,0,8558,2,34,30,1,7,1,6,59.0,190.0,0,6,3,0,0.0,7,12,56.0,0,88,0,2,0,0,0,0,0,1.0,1.0,0,0,0,0,0,0,1.0,0,0,0,0,0,0,0,0,0,0,0,0,652,3154,15,0,12244.0,0,3,0,0,88,0,1,11,20.0,0,0,2,0,0,0,0,0,4,4.0,0,0,0,0,0,0,0,0,0,0,0,0.0,5,1,31,0,2.0,0,0.0,0,0.0,53.0,4.0,0.0,0,0,0,0,0,0,0,4,0,0,3.0,0,0,0,0.0,0.0,0.0,0,0,0,2.0,3,0,0,4,0,0.0,0,0,3.0,1.0,1.0,0.0,0,0,0,21,6,0,0,99,0,0,0,61.0,0,0,0,0,0,0,0,0,0,1,3,0,0,0.0,0,0,0,0,0,0.0,1,0,0,0,0,0,0,0.0,0,0.0,0.0,1.0,0.0,0,0,0,38.0,1,23,4,0,41,0,12.0,0,0.0,0,0,3.0,26.0,93.0,0.0,2,0,0,1.0,4,120,6,0,116,0,5.0,0,0.0,0,0,2.0,118.0,73.0,0.0,0,0,0,0.0,0,0.0,0.0,0.0,0.0,0.0,0,0,0,4,0,0,0,0,0,0.0,2.0,0,2,0,0,0,6,0,0,1,0,0,0,0,0,48.0,0,0,0,0,0,0,0,0,0,0,0,0.0,0,0,0.0,98.14394149260347
"Dense built-up area-Straw cereals (Wheat, Triticale, Barley)",0.0,0,0,0,0,0.0,0,0.0,0,0.0,0.0,0.0,0.0,0,0,0.0,0,0,0,0,0,0,0,0,0.0,0,0.0,0,0,0,0,0,0,0,0,0,0,0.0,0.0,0,0,0,0,0.0,0,0,0.0,0,0,0,0,0,0,0,0,0,0.0,0.0,0,0,0,0,0,0,0.0,0,0,0,0,0,0,0,0,0,0,0,0,0,0,0,0,0.0,0,0,0,0,0,0,0,0,0.0,0,0,0,0,0,0,0,0,0,0.0,0,0,0,0,0,0,0,0,0,0,0,0.0,0,0,0,0,0.0,0,0.0,0,0.0,3.0,0.0,0.0,0,0,0,0,0,0,0,0,0,0,0.0,0,0,0,0.0,0.0,0.0,0,0,0,0.0,0,0,0,0,0,0.0,0,0,0.0,0.0,0.0,0.0,0,0,0,0,0,0,0,0,0,0,0,0.0,0,0,0,0,0,0,0,0,0,0,0,0,0,0.0,0,0,0,0,0,0.0,0,0,0,0,0,0,0,0.0,0,0.0,0.0,0.0,0.0,0,0,0,0.0,0,0,0,0,0,0,0.0,0,0.0,0,0,0.0,0.0,0.0,0.0,0,0,0,0.0,0,0,0,0,0,0,0.0,0,0.0,0,0,0.0,0.0,0.0,0.0,0,0,0,0.0,0,0.0,0.0,0.0,0.0,0.0,0,0,0,0,0,0,0,0,0,0.0,0.0,0,0,0,0,0,0,0,0,0,0,0,0,0,0,0.0,0,0,0,0,0,0,0,0,0,0,0,0.0,0,0,0.0,0.0
Dense built-up area-Sunflower,0.0,0,0,0,0,0.0,0,0.0,0,0.0,0.0,0.0,0.0,0,0,0.0,0,0,0,0,0,0,0,0,0.0,0,0.0,0,0,0,0,0,0,0,0,0,0,0.0,0.0,0,0,0,0,0.0,0,0,0.0,0,0,0,0,0,0,0,0,0,0.0,0.0,0,0,0,0,0,0,0.0,0,0,0,0,0,0,0,0,0,0,0,0,0,0,0,0,0.0,0,0,0,0,0,0,0,0,0.0,0,0,0,0,0,0,0,0,0,0.0,0,0,0,0,0,0,0,0,0,0,0,0.0,0,0,0,0,0.0,0,0.0,0,0.0,0.0,0.0,0.0,0,0,0,0,0,0,0,0,0,0,0.0,0,0,0,0.0,0.0,0.0,0,0,0,0.0,0,0,0,0,0,0.0,0,0,0.0,0.0,0.0,0.0,0,0,0,0,0,0,0,0,0,0,0,0.0,0,0,0,0,0,0,0,0,0,0,0,0,0,0.0,0,0,0,0,0,0.0,0,0,0,0,0,0,0,0.0,0,0.0,0.0,0.0,0.0,0,0,0,0.0,0,0,0,0,0,0,0.0,0,0.0,0,0,0.0,0.0,8.0,0.0,0,0,0,0.0,0,0,0,0,0,0,0.0,0,0.0,0,0,0.0,0.0,0.0,0.0,0,0,0,0.0,0,0.0,0.0,0.0,0.0,0.0,0,0,0,0,0,0,0,0,0,0.0,0.0,0,0,0,0,0,0,0,0,0,0,0,0,0,0,0.0,0,0,0,0,0,0,0,0,0,0,0,0.0,0,0,0.0,0.0
Diffuse built-up area-Corn,0.0,0,0,0,0,0.0,0,0.0,0,0.0,0.0,0.0,0.0,0,0,0.0,0,0,0,0,0,0,0,0,1.0,0,0.0,0,0,0,0,0,0,0,0,0,1,0.0,0.0,0,0,0,0,0.0,0,0,0.0,0,0,0,0,0,0,0,0,0,0.0,0.0,0,0,0,0,0,0,0.0,0,0,0,0,0,0,0,0,0,0,0,0,0,0,0,0,0.0,0,0,0,0,0,0,0,0,0.0,0,0,0,0,0,0,0,0,0,0.0,0,0,0,0,0,0,0,0,0,0,0,0.0,0,0,0,0,0.0,0,0.0,0,0.0,0.0,0.0,0.0,0,0,0,0,0,0,0,0,0,0,0.0,0,0,0,0.0,0.0,0.0,0,0,0,0.0,0,0,0,0,0,0.0,0,0,0.0,0.0,0.0,0.0,0,0,0,0,0,0,0,0,0,0,0,0.0,0,0,0,0,0,0,0,0,0,0,0,0,0,0.0,0,0,0,0,0,0.0,0,0,0,0,0,0,0,0.0,0,0.0,0.0,0.0,0.0,0,0,0,22.0,0,0,0,0,0,0,0.0,0,0.0,0,0,0.0,0.0,1.0,0.0,0,0,0,0.0,0,0,0,0,0,0,0.0,0,0.0,0,0,0.0,0.0,0.0,0.0,0,0,0,0.0,0,0.0,0.0,0.0,0.0,0.0,0,0,0,0,0,0,0,0,0,0.0,0.0,0,0,0,0,0,0,0,0,0,0,0,0,0,0,0.0,0,0,0,0,0,0,0,0,0,0,0,0.0,0,0,0.0,0.07479431563201197
Diffuse built-up area-Diffuse built-up area,0.0,0,0,0,0,0.0,0,0.0,0,0.0,1.0,0.0,0.0,0,0,14.0,232,0,1,0,0,0,0,0,2.0,1,144950.0,12,18,2568,5,5,13,0,14,1,2,22.0,60.0,0,0,0,0,0.0,0,0,2.0,0,4,0,0,0,0,0,0,0,0.0,0.0,0,0,0,0,0,0,2.0,1,0,0,0,0,0,0,0,0,0,0,0,2,1688,0,0,1143.0,0,0,0,0,9,0,0,0,3.0,0,0,0,0,0,0,0,0,0,0.0,0,0,0,0,0,0,0,0,0,0,0,0.0,1,0,3,0,0.0,0,0.0,0,0.0,0.0,0.0,0.0,0,0,0,0,1,0,0,0,0,0,0.0,0,0,0,0.0,0.0,1.0,0,0,0,0.0,0,0,0,0,0,0.0,0,0,0.0,0.0,0.0,0.0,0,0,0,0,29,0,0,4,0,0,0,16.0,0,0,0,0,0,0,0,0,0,0,0,0,0,0.0,0,0,0,0,0,0.0,3,0,0,2,0,0,0,0.0,0,0.0,0.0,0.0,0.0,0,0,0,0.0,0,1,0,0,3,0,0.0,0,0.0,0,0,0.0,3.0,0.0,0.0,0,0,0,0.0,0,54,0,0,11,0,0.0,0,0.0,0,0,0.0,1.0,19.0,0.0,0,0,0,0.0,0,0.0,0.0,0.0,0.0,0.0,0,1,0,0,0,0,0,0,0,0.0,0.0,0,0,0,0,0,0,0,0,0,0,0,0,0,0,0.0,0,0,0,0,0,0,0,0,0,0,0,0.0,0,0,0.0,49.51814184838123
Diffuse built-up area-Oilseeds (Rapeseed),0.0,0,0,0,0,0.0,0,0.0,0,0.0,0.0,0.0,0.0,0,0,0.0,0,0,0,0,0,0,0,0,0.0,0,0.0,0,0,0,0,0,0,0,0,0,0,0.0,0.0,0,0,0,0,0.0,0,0,0.0,0,0,0,0,0,0,0,0,0,0.0,0.0,0,0,0,0,0,0,0.0,0,0,0,0,0,0,0,0,0,0,0,0,0,0,0,0,0.0,0,0,0,0,0,0,0,0,0.0,0,0,0,0,0,0,0,0,0,0.0,0,0,0,0,0,0,0,0,0,0,0,0.0,0,0,0,0,0.0,0,0.0,0,0.0,0.0,0.0,0.0,0,0,0,0,0,0,0,0,0,0,0.0,0,0,0,0.0,0.0,0.0,0,0,0,0.0,0,0,0,0,0,0.0,0,0,0.0,0.0,0.0,0.0,0,0,0,0,0,0,0,0,0,0,0,0.0,0,0,0,0,0,0,0,0,0,0,0,0,0,0.0,0,0,0,0,0,0.0,0,0,0,0,0,0,0,0.0,0,0.0,0.0,0.0,0.0,0,0,0,0.0,0,0,0,0,0,0,39.0,0,0.0,0,0,0.0,0.0,0.0,0.0,0,0,0,0.0,0,0,0,0,0,0,0.0,0,0.0,0,0,0.0,0.0,0.0,0.0,0,0,0,0.0,0,0.0,0.0,0.0,0.0,0.0,0,0,0,0,0,0,0,0,0,0.0,0.0,0,0,0,0,0,0,0,0,0,0,0,0,0,0,0.0,0,0,0,0,0,0,0,0,0,0,0,0.0,0,0,0.0,0.0
Diffuse built-up area-Protein crops (Beans / Peas),0.0,0,0,0,0,0.0,0,0.0,0,0.0,0.0,0.0,0.0,0,0,0.0,0,0,0,0,0,0,0,0,0.0,0,0.0,0,0,0,0,0,0,0,0,0,0,0.0,0.0,0,0,0,0,0.0,0,0,0.0,0,0,0,0,0,0,0,0,0,0.0,0.0,0,0,0,0,0,0,0.0,0,0,0,0,0,0,0,0,0,0,0,0,0,0,0,0,0.0,0,0,0,0,0,0,0,0,0.0,0,0,0,0,0,0,0,0,0,0.0,0,0,0,0,0,0,0,0,0,0,0,0.0,0,0,0,0,0.0,0,0.0,0,0.0,0.0,0.0,0.0,0,0,0,0,0,0,0,0,0,0,0.0,0,0,0,0.0,0.0,0.0,0,0,0,0.0,0,0,0,0,0,0.0,0,0,0.0,0.0,0.0,0.0,0,0,0,0,0,0,0,0,0,0,0,0.0,0,0,0,0,0,0,0,0,0,0,0,0,0,0.0,0,0,0,0,0,0.0,0,0,0,0,0,0,0,0.0,0,0.0,0.0,0.0,0.0,0,0,0,0.0,0,0,0,0,0,0,0.0,0,3.0,0,0,0.0,0.0,0.0,0.0,0,0,0,0.0,0,0,0,0,0,0,0.0,0,0.0,0,0,0.0,0.0,0.0,0.0,0,0,0,0.0,0,0.0,0.0,0.0,0.0,0.0,0,0,0,0,0,0,0,0,0,0.0,0.0,0,0,0,0,0,0,0,0,0,0,0,0,0,0,0.0,0,0,0,0,0,0,0,0,0,0,0,0.0,0,0,0.0,0.0
Diffuse built-up area-Soy,0.0,0,0,0,0,0.0,0,0.0,0,0.0,0.0,0.0,0.0,0,0,0.0,0,0,0,0,0,0,0,0,0.0,0,0.0,0,0,0,0,0,0,0,0,0,0,0.0,0.0,0,0,0,0,0.0,0,0,0.0,0,0,0,0,0,0,0,0,0,0.0,0.0,0,0,0,0,0,0,0.0,0,0,0,0,0,0,0,0,0,0,0,0,0,0,0,0,0.0,0,0,0,0,0,0,0,0,0.0,0,0,0,0,0,0,0,0,0,0.0,0,0,0,0,0,0,0,0,0,0,0,0.0,0,0,0,0,0.0,0,0.0,0,0.0,0.0,0.0,0.0,0,0,0,0,0,0,0,0,0,0,0.0,0,0,0,0.0,0.0,0.0,0,0,0,0.0,0,0,0,0,0,0.0,0,0,0.0,0.0,0.0,0.0,0,0,0,0,0,0,0,0,0,0,0,0.0,0,0,0,0,0,0,0,0,0,0,0,0,0,0.0,0,0,0,0,0,0.0,0,0,0,0,0,0,0,0.0,0,0.0,0.0,0.0,0.0,0,0,0,0.0,0,0,0,0,0,0,0.0,0,0.0,0,0,7.0,0.0,0.0,0.0,0,0,0,0.0,0,0,0,0,0,0,0.0,0,0.0,0,0,0.0,0.0,0.0,0.0,0,0,0,0.0,0,0.0,0.0,0.0,0.0,0.0,0,0,0,0,0,0,0,0,0,0.0,0.0,0,0,0,0,0,0,0,0,0,0,0,0,0,0,0.0,0,0,0,0,0,0,0,0,0,0,0,0.0,0,0,0.0,0.0
"Diffuse built-up area-Straw cereals (Wheat, Triticale, Barley)",0.0,0,0,0,0,0.0,0,0.0,0,0.0,2.0,0.0,0.0,0,0,0.0,0,0,0,0,0,0,0,0,0.0,0,0.0,0,0,0,0,0,0,0,0,0,0,21.0,0.0,0,0,0,0,0.0,0,0,0.0,0,0,0,0,0,0,0,0,0,0.0,0.0,0,0,0,0,0,0,0.0,0,0,0,0,0,0,0,0,0,0,0,0,0,0,0,0,0.0,0,0,0,0,0,0,0,0,0.0,0,0,0,0,0,0,0,0,0,0.0,0,0,0,0,0,0,0,0,0,0,0,0.0,0,0,0,0,0.0,0,0.0,0,0.0,7.0,0.0,0.0,0,0,0,0,0,0,0,0,0,0,0.0,0,0,0,0.0,0.0,0.0,0,0,0,0.0,0,0,0,0,0,0.0,0,0,0.0,0.0,0.0,0.0,0,0,0,0,0,0,0,0,0,0,0,0.0,0,0,0,0,0,0,0,0,0,0,0,0,0,0.0,0,0,0,0,0,0.0,0,0,0,0,0,0,0,0.0,0,0.0,5.0,0.0,0.0,0,0,0,0.0,0,0,0,0,0,0,0.0,0,0.0,0,0,0.0,1.0,0.0,0.0,0,0,0,0.0,0,0,0,0,0,0,0.0,0,0.0,0,0,0.0,6.0,0.0,0.0,0,0,0,0.0,0,0.0,0.0,0.0,0.0,0.0,0,0,0,0,0,0,0,0,0,0.0,0.0,0,0,0,0,0,0,0,0,0,0,0,0,0,0,0.0,0,0,0,0,0,0,0,0,0,0,0,0.0,0,0,0.0,0.9333333333333335
Diffuse built-up area-Sunflower,0.0,0,0,0,0,0.0,0,0.0,0,0.0,0.0,0.0,0.0,0,0,0.0,0,0,0,0,0,0,0,0,0.0,0,2.0,0,0,0,0,0,0,0,0,0,0,0.0,18.0,0,0,0,0,0.0,0,0,0.0,0,0,0,0,0,0,0,0,0,0.0,0.0,0,0,0,0,0,0,0.0,0,0,0,0,0,0,0,0,0,0,0,0,0,0,0,0,0.0,0,0,0,0,0,0,0,0,0.0,0,0,0,0,0,0,0,0,0,0.0,0,0,0,0,0,0,0,0,0,0,0,0.0,0,0,0,0,0.0,0,0.0,0,0.0,0.0,2.0,0.0,0,0,0,0,0,0,0,0,0,0,0.0,0,0,0,0.0,0.0,0.0,0,0,0,0.0,0,0,0,0,0,0.0,0,0,0.0,0.0,0.0,0.0,0,0,0,0,0,0,0,0,0,0,0,0.0,0,0,0,0,0,0,0,0,0,0,0,0,0,0.0,0,0,0,0,0,0.0,0,0,0,0,0,0,0,0.0,0,0.0,0.0,0.0,0.0,0,0,0,0.0,0,0,0,0,0,0,0.0,0,0.0,0,0,0.0,0.0,54.0,0.0,0,0,0,0.0,0,0,0,0,0,0,0.0,0,0.0,0,0,0.0,0.0,5.0,0.0,0,0,0,0.0,0,0.0,0.0,0.0,0.0,0.0,0,0,0,0,0,0,0,0,0,0.0,0.0,0,0,0,0,0,0,0,0,0,0,0,0,0,0,0.0,0,0,0,0,0,0,0,0,0,0,0,0.0,0,0,0.0,0.30617451947610136
Diffuse built-up area-Tubers/roots,0.0,0,0,0,0,0.0,0,0.0,0,0.0,0.0,0.0,0.0,0,0,0.0,0,0,0,0,0,0,0,0,0.0,0,0.0,0,0,0,0,0,0,0,0,0,0,0.0,0.0,0,0,0,0,0.0,0,0,0.0,0,0,0,0,0,0,0,0,0,0.0,0.0,0,0,0,0,0,0,0.0,0,0,0,0,0,0,0,0,0,0,0,0,0,0,0,0,0.0,0,0,0,0,0,0,0,0,0.0,0,0,0,0,0,0,0,0,0,0.0,0,0,0,0,0,0,0,0,0,0,0,0.0,0,0,0,0,0.0,0,0.0,0,0.0,0.0,0.0,0.0,0,0,0,0,0,0,0,0,0,0,0.0,0,0,0,0.0,0.0,0.0,0,0,0,0.0,0,0,0,0,0,0.0,0,0,0.0,0.0,0.0,0.0,0,0,0,0,0,0,0,0,0,0,0,0.0,0,0,0,0,0,0,0,0,0,0,0,0,0,0.0,0,0,0,0,0,0.0,0,0,0,0,0,0,0,0.0,0,0.0,0.0,0.0,0.0,0,0,0,0.0,0,0,0,0,0,0,0.0,0,0.0,0,0,0.0,0.0,0.0,1.0,0,0,0,0.0,0,0,0,0,0,0,0.0,0,0.0,0,0,0.0,0.0,0.0,0.0,0,0,0,0.0,0,0.0,0.0,0.0,0.0,0.0,0,0,0,0,0,0,0,0,0,0.0,0.0,0,0,0,0,0,0,0,0,0,0,0,0,0,0,0.0,0,0,0,0,0,0,0,0,0,0,0,0.0,0,0,0.0,0.0
Grasslands-Corn,0.0,0,0,0,0,0.0,0,0.0,0,0.0,0.0,0.0,0.0,0,0,0.0,0,0,0,0,0,0,0,0,0.0,0,0.0,0,0,0,0,0,0,0,0,0,0,0.0,0.0,0,0,0,0,75.0,0,0,0.0,0,0,0,0,0,0,0,0,0,0.0,0.0,0,0,0,0,0,0,0.0,0,0,0,0,0,0,0,0,0,0,0,0,0,0,0,0,0.0,0,0,0,0,0,0,0,0,0.0,0,0,0,0,0,0,0,0,0,0.0,0,0,0,0,0,0,0,0,0,0,0,0.0,0,0,0,0,0.0,0,0.0,0,0.0,0.0,0.0,0.0,0,0,0,0,0,0,0,0,0,0,0.0,0,0,0,0.0,0.0,0.0,0,0,0,0.0,0,0,0,0,0,0.0,0,0,0.0,0.0,0.0,0.0,0,0,0,0,0,0,0,0,0,0,0,0.0,0,0,0,0,0,0,0,0,0,0,0,0,0,0.0,0,0,0,0,0,1.0,0,0,0,0,0,0,0,0.0,0,0.0,0.0,0.0,0.0,0,0,0,0.0,0,0,0,0,0,0,0.0,0,0.0,0,0,0.0,0.0,0.0,0.0,0,0,0,0.0,0,0,0,0,0,0,0.0,0,0.0,0,0,0.0,0.0,0.0,0.0,0,0,0,0.0,0,0.0,0.0,0.0,0.0,0.0,0,0,0,0,0,0,0,0,0,0.0,0.0,0,0,0,0,0,0,0,0,0,0,0,0,0,0,0.0,0,0,0,0,0,0,0,0,0,0,0,0.0,0,0,0.0,12.355848434925864
Grasslands-Grasslands,41.0,0,46,0,9,0.0,2,0.0,0,4.0,33.0,0.0,0.0,0,0,0.0,0,0,0,0,0,0,0,0,8.0,0,569.0,9275,388,1934,1710,80,36,2,0,25,26,175.0,324.0,0,63,5,36,12.0,0,322,216752.0,488,1675,1713,697,29,12,17,4,167,1598.0,685.0,25,30,145,0,5,588,1580.0,12,303,7,0,16,0,1,20,0,0,14,3,0,70,937,16,873.0,309,77,1,0,9,1,1,93,70.0,0,0,13,19,0,15,915,75,111,2659.0,0,0,0,6,1,10,79,0,4,0,40,83.0,11,328,63,12,85.0,0,0.0,0,7.0,235.0,53.0,2.0,7,0,0,0,1,49,1,1,1,0,0.0,0,0,0,1.0,4.0,0.0,0,0,1,77.0,16,635,0,69,273,38.0,0,0,34.0,146.0,243.0,5.0,0,1,0,0,0,0,0,1,0,0,0,0.0,0,0,0,0,0,0,0,7,6,3,1,0,0,18.0,0,2,1,0,0,6.0,0,163,1,9,4,0,2,0.0,0,8.0,4.0,42.0,0.0,0,0,1,145.0,0,6,3778,0,109,49,328.0,0,0.0,0,0,432.0,1023.0,365.0,5.0,7,23,0,47.0,0,80,2173,1,193,24,68.0,2,0.0,0,4,102.0,230.0,308.0,4.0,32,0,1,0.0,0,0.0,0.0,0.0,0.0,0.0,0,21,0,1,17,0,0,0,0,0.0,3.0,0,0,0,15,0,0,0,0,0,0,0,0,0,0,12.0,0,0,21,240,21,17,103,0,0,1,0,5.0,58,0,120.0,93.35636174125774
Grasslands-Oilseeds (Rapeseed),0.0,0,0,0,0,0.0,0,0.0,0,0.0,0.0,0.0,0.0,0,0,0.0,0,0,0,0,0,0,0,0,0.0,0,0.0,0,0,0,0,0,0,0,0,0,0,0.0,0.0,0,0,0,0,0.0,0,0,0.0,0,0,0,0,0,0,0,0,0,0.0,0.0,0,0,0,0,0,0,0.0,0,0,0,0,0,0,0,0,0,0,0,0,0,0,0,0,0.0,0,0,0,0,0,0,0,0,0.0,0,0,0,0,0,0,0,0,0,0.0,0,0,0,0,0,0,0,0,0,0,0,0.0,0,0,0,0,0.0,0,0.0,0,0.0,0.0,0.0,0.0,0,0,0,0,0,0,0,0,0,0,0.0,0,0,0,0.0,0.0,0.0,0,0,0,0.0,0,0,0,0,0,0.0,0,0,0.0,0.0,0.0,0.0,0,0,0,0,0,0,0,0,0,0,0,0.0,0,0,0,0,0,0,0,0,0,0,0,0,0,0.0,0,0,0,0,0,0.0,0,0,0,0,0,0,0,0.0,0,0.0,0.0,0.0,0.0,0,0,0,0.0,0,0,0,0,0,0,16.0,0,0.0,0,0,0.0,0.0,0.0,0.0,0,0,0,0.0,0,0,0,0,0,0,857.0,0,0.0,0,0,0.0,0.0,0.0,0.0,0,0,0,0.0,0,0.0,0.0,0.0,0.0,0.0,0,0,0,0,0,0,0,0,0,0.0,0.0,0,0,0,0,0,0,0,0,0,0,0,0,0,0,0.0,0,0,0,0,0,0,0,0,0,0,0,0.0,0,0,0.0,0.0
Grasslands-Soy,2.0,0,0,0,0,0.0,0,0.0,0,34.0,0.0,0.0,0.0,0,0,0.0,0,0,0,0,0,0,0,0,0.0,0,0.0,0,0,0,0,0,0,0,0,0,0,0.0,0.0,0,0,0,0,0.0,0,0,0.0,0,0,0,0,0,0,0,0,0,0.0,0.0,0,0,0,0,0,0,0.0,0,0,0,0,0,0,0,0,0,0,0,0,0,0,0,0,0.0,0,0,0,0,0,0,0,0,0.0,0,0,0,0,0,0,0,0,0,0.0,0,0,0,0,0,0,0,0,0,0,0,0.0,0,0,0,0,0.0,0,0.0,0,0.0,0.0,0.0,0.0,0,0,0,0,0,0,0,0,0,0,0.0,0,0,0,0.0,0.0,0.0,0,0,0,0.0,0,0,0,0,0,0.0,0,0,0.0,0.0,0.0,0.0,0,0,0,0,0,0,0,0,0,0,0,0.0,0,0,0,0,0,0,0,0,0,0,0,0,0,0.0,0,0,0,0,0,0.0,0,0,0,0,0,0,0,0.0,0,49.0,0.0,0.0,0.0,0,0,0,0.0,0,0,0,0,0,0,0.0,0,0.0,0,0,0.0,0.0,0.0,0.0,0,0,0,2.0,0,0,0,0,0,0,0.0,0,0.0,0,0,56.0,0.0,0.0,0.0,0,0,0,0.0,0,0.0,0.0,0.0,0.0,0.0,0,0,0,0,0,0,0,0,0,0.0,0.0,0,0,0,0,0,0,0,0,0,0,0,0,0,0,0.0,0,0,0,0,0,0,0,0,0,0,0,0.0,0,0,0.0,0.0
"Grasslands-Straw cereals (Wheat, Triticale, Barley)",0.0,0,0,0,0,0.0,0,0.0,0,0.0,0.0,0.0,0.0,0,0,0.0,0,0,0,0,0,0,0,0,0.0,0,0.0,0,0,0,0,0,0,0,0,0,0,0.0,0.0,0,0,0,0,0.0,0,0,0.0,0,0,0,0,0,0,0,0,0,62.0,0.0,0,0,0,0,0,0,0.0,0,0,0,0,0,0,0,0,0,0,0,0,0,0,0,0,0.0,0,0,0,0,0,0,0,0,0.0,0,0,0,0,0,0,0,0,0,0.0,0,0,0,0,0,0,0,0,0,0,0,0.0,0,0,0,0,0.0,0,0.0,0,0.0,0.0,0.0,0.0,0,0,0,0,0,0,0,0,0,0,0.0,0,0,0,0.0,0.0,0.0,0,0,0,0.0,0,0,0,0,0,0.0,0,0,0.0,0.0,0.0,0.0,0,0,0,0,0,0,0,0,0,0,0,0.0,0,0,0,0,0,0,0,0,0,0,0,0,0,0.0,0,0,0,0,0,0.0,0,0,0,0,0,0,0,0.0,0,0.0,0.0,0.0,0.0,0,0,0,0.0,0,0,0,0,0,0,0.0,0,0.0,0,0,0.0,0.0,0.0,0.0,0,0,0,0.0,0,0,0,0,0,0,0.0,0,0.0,0,0,0.0,0.0,0.0,0.0,0,0,0,0.0,0,0.0,0.0,0.0,0.0,0.0,0,0,0,0,0,0,0,0,0,0.0,0.0,0,0,0,0,0,0,0,0,0,0,0,0,0,0,0.0,0,0,0,0,0,0,0,0,0,0,0,0.0,0,0,0.0,2.7728085867620753
Grasslands-Sunflower,0.0,0,0,0,0,0.0,0,0.0,0,0.0,0.0,0.0,0.0,0,0,0.0,0,0,0,0,0,0,0,0,0.0,0,0.0,0,0,0,0,0,0,0,0,0,0,0.0,0.0,0,0,0,0,0.0,0,0,0.0,0,0,0,0,0,0,0,0,0,0.0,534.0,0,0,0,0,0,0,0.0,0,0,0,0,0,0,0,0,0,0,0,0,0,0,0,0,0.0,0,0,0,0,0,0,0,0,0.0,0,0,0,0,0,0,0,0,0,0.0,0,0,0,0,0,0,0,0,0,0,0,0.0,0,0,0,0,0.0,0,0.0,0,0.0,0.0,0.0,0.0,0,0,0,0,0,0,0,0,0,0,0.0,0,0,0,0.0,0.0,0.0,0,0,0,0.0,0,0,0,0,0,0.0,0,0,0.0,0.0,0.0,0.0,0,0,0,0,0,0,0,0,0,0,0,0.0,0,0,0,0,0,0,0,0,0,0,0,0,0,0.0,0,0,0,0,0,0.0,0,0,0,0,0,0,0,0.0,0,0.0,0.0,0.0,0.0,0,0,0,0.0,0,0,0,0,0,0,0.0,0,0.0,0,0,0.0,0.0,65.0,0.0,0,0,0,0.0,0,0,0,0,0,0,0.0,0,0.0,0,0,0.0,0.0,0.0,0.0,0,0,0,0.0,0,0.0,0.0,0.0,0.0,0.0,0,0,0,0,0,0,0,0,0,0.0,0.0,0,0,0,0,0,0,0,0,0,0,0,0,0,0,0.0,0,0,0,0,0,0,0,0,0,0,0,0.0,0,0,0.0,29.053318824809576
Hardwood forest-Corn,0.0,0,0,0,0,0.0,0,0.0,0,0.0,0.0,0.0,0.0,0,0,0.0,0,0,0,0,0,0,0,0,0.0,0,0.0,0,0,0,0,0,0,0,0,0,0,0.0,0.0,0,0,0,0,0.0,0,0,0.0,0,0,0,0,0,0,0,0,0,0.0,0.0,0,0,0,0,0,0,0.0,0,0,0,0,0,0,0,0,0,0,0,0,0,0,0,0,0.0,0,0,0,0,0,0,0,0,0.0,0,0,0,0,0,0,0,0,0,0.0,0,0,0,0,0,0,0,0,0,0,0,0.0,0,0,0,0,0.0,0,0.0,0,0.0,0.0,0.0,0.0,0,0,0,0,0,0,0,0,0,0,0.0,0,0,0,0.0,0.0,0.0,0,0,0,0.0,0,0,0,0,0,0.0,0,0,0.0,0.0,0.0,0.0,0,0,0,0,0,0,0,0,0,0,0,0.0,0,0,0,0,0,0,0,0,0,0,0,0,0,0.0,0,0,0,0,0,0.0,0,0,0,0,0,0,0,0.0,0,0.0,0.0,0.0,0.0,0,0,0,5.0,0,0,0,0,0,0,0.0,0,0.0,0,0,0.0,0.0,0.0,0.0,0,0,0,0.0,0,0,0,0,0,0,0.0,0,0.0,0,0,0.0,0.0,0.0,0.0,0,0,0,0.0,0,0.0,0.0,0.0,0.0,0.0,0,0,0,0,0,0,0,0,0,0.0,0.0,0,0,0,0,0,0,0,0,0,0,0,0,0,0,0.0,0,0,0,0,0,0,0,0,0,0,0,0.0,0,0,0.0,0.0
Hardwood forest-Hardwood forest,0.0,0,0,0,0,0.0,0,0.0,0,0.0,0.0,0.0,0.0,0,0,0.0,0,0,0,0,0,0,0,0,22.0,0,149.0,248,1650,428,146,1,66,0,0,11,44,29.0,90.0,0,58,0,24,2.0,0,1,577.0,198,15,11,0,5,0,0,0,1,7.0,9.0,3,0,17,36,157,70,185649.0,120,329,21,0,33,23,6,49,9,0,72,1,0,3,14,42,10.0,2,0,4,0,0,0,0,83,2.0,0,3,0,0,8,1,11,344,20,62.0,0,3,0,4,2,71,6,0,10,0,57,0.0,0,0,0,0,0.0,0,0.0,0,0.0,6.0,0.0,0.0,0,0,0,0,0,0,12,0,4,0,2.0,0,0,0,0.0,0.0,0.0,0,0,0,0.0,0,0,0,2,0,0.0,0,0,0.0,157.0,0.0,0.0,0,0,0,0,0,0,0,0,0,0,0,0.0,0,0,0,0,0,0,0,0,66,18,0,0,0,557.0,0,0,0,0,0,0.0,0,0,0,0,0,0,0,0.0,0,9.0,0.0,0.0,0.0,0,0,0,11.0,0,0,0,2,3,0,0.0,0,0.0,0,0,0.0,70.0,0.0,0.0,0,0,0,1.0,0,11,21,9,8,1,0.0,1,0.0,0,0,11.0,33.0,17.0,0.0,2,0,1,0.0,0,0.0,0.0,0.0,0.0,0.0,3,0,2,8,0,0,0,0,0,0.0,0.0,0,0,0,0,0,0,0,0,0,0,0,0,0,0,0.0,0,0,0,7,274,1,43,0,0,1,0,0.0,3,0,215.0,94.7609398049134
Industrial and commercial areas-Corn,5.0,0,0,0,0,0.0,0,0.0,0,0.0,0.0,0.0,0.0,0,0,0.0,0,0,0,0,0,0,0,0,0.0,0,0.0,0,0,0,0,0,0,0,0,0,0,0.0,0.0,0,0,0,0,0.0,0,0,0.0,0,0,0,0,0,0,0,0,0,0.0,0.0,0,0,0,0,0,0,0.0,0,0,0,0,0,0,0,0,0,0,0,0,0,0,0,0,0.0,0,0,0,0,0,0,0,0,0.0,0,0,0,0,0,0,0,0,0,0.0,0,0,0,0,0,0,0,0,0,0,0,0.0,0,0,0,0,0.0,0,0.0,0,0.0,0.0,0.0,0.0,0,0,0,0,0,0,0,0,0,0,0.0,0,0,0,0.0,0.0,0.0,0,0,0,0.0,0,0,0,0,0,0.0,0,0,0.0,0.0,0.0,0.0,0,0,0,0,0,0,0,0,0,0,0,0.0,0,0,0,0,0,0,0,0,0,0,0,0,0,0.0,0,0,0,0,0,0.0,0,0,0,0,0,0,0,0.0,0,0.0,0.0,0.0,0.0,0,0,0,1.0,0,0,0,0,0,0,0.0,0,0.0,0,0,0.0,0.0,0.0,0.0,0,0,0,0.0,0,0,0,0,0,0,0.0,0,0.0,0,0,0.0,0.0,0.0,0.0,0,0,0,0.0,0,0.0,0.0,0.0,0.0,0.0,0,0,0,0,0,0,0,0,0,0.0,0.0,0,0,0,0,0,0,0,0,0,0,0,0,0,0,0.0,0,0,0,0,0,0,0,0,0,0,0,0.0,0,0,0.0,0.0
Industrial and commercial areas-Industrial and commercial areas,64.0,6,1,47,0,1.0,4,0.0,0,6.0,154.0,7.0,0.0,0,0,321.0,489,0,303,0,0,0,0,0,128.0,13,66729.0,2646,368,87898,679,191,362,3,68,59,79,423.0,1622.0,1,125,13,37,5.0,0,86,1950.0,5,1631,22,33,17,0,3,0,14,43.0,76.0,14,2,13,0,5,24,883.0,358,93,10,0,3,0,0,6,0,0,9,71,237,13114,845,67,438785.0,102,85,42,20,964,5,24,228,631.0,0,15,64,6,0,3,26,27,208,88.0,0,10,1,4,0,0,10,0,1,3,21,8.0,6,14,263,0,31.0,0,2.0,3,1.0,149.0,44.0,0.0,1,0,0,0,0,2,1,84,5,1,15.0,0,2,0,0.0,0.0,2.0,0,0,0,10.0,3,17,0,112,5,14.0,0,0,2.0,19.0,12.0,0.0,5,0,0,0,13,0,0,1518,1,0,0,781.0,0,3,0,0,4,0,0,0,2,30,2,0,0,23.0,0,0,0,8,0,6.0,7,15,0,55,0,0,1,0.0,0,19.0,57.0,15.0,0.0,0,0,0,225.0,0,84,57,0,792,1,152.0,1,8.0,1,0,57.0,266.0,438.0,3.0,4,2,0,101.0,0,427,85,0,2996,6,94.0,22,86.0,1,0,45.0,526.0,825.0,2.0,4,0,0,0.0,1,0.0,0.0,4.0,0.0,0.0,0,15,0,10,0,0,0,0,1,2.0,1.0,0,0,0,0,0,52,0,0,2,1,0,0,0,0,105.0,0,0,3,18,1,16,15,0,0,0,1,0.0,5,0,29.0,94.95640469085093
Industrial and commercial areas-Oilseeds (Rapeseed),0.0,0,0,0,0,0.0,0,0.0,0,0.0,0.0,0.0,0.0,0,0,0.0,0,0,0,0,0,0,0,0,0.0,0,0.0,0,0,0,0,0,0,0,0,0,0,0.0,0.0,0,0,0,0,0.0,0,0,0.0,0,0,0,0,0,0,0,0,0,0.0,0.0,0,0,0,0,0,0,0.0,0,0,0,0,0,0,0,0,0,0,0,0,0,0,0,0,0.0,0,0,0,0,0,0,0,0,0.0,0,0,0,0,0,0,0,0,0,0.0,0,0,0,0,0,0,0,0,0,0,0,0.0,0,0,0,0,0.0,0,0.0,0,0.0,0.0,0.0,0.0,0,0,0,0,0,0,0,0,0,0,0.0,0,0,0,0.0,0.0,0.0,0,0,0,0.0,0,0,0,0,0,0.0,0,0,0.0,0.0,0.0,0.0,0,0,0,0,0,0,0,0,0,0,0,0.0,0,0,0,0,0,0,0,0,0,0,0,0,0,0.0,0,0,0,0,0,0.0,0,0,0,0,0,0,0,0.0,0,0.0,0.0,0.0,0.0,0,0,0,0.0,0,0,0,0,0,0,2.0,0,0.0,0,0,0.0,0.0,0.0,0.0,0,0,0,0.0,0,0,0,0,0,0,0.0,0,0.0,0,0,0.0,0.0,0.0,0.0,0,0,0,0.0,0,0.0,0.0,0.0,0.0,0.0,0,0,0,0,0,0,0,0,0,0.0,0.0,0,0,0,0,0,0,0,0,0,0,0,0,0,0,0.0,0,0,0,0,0,0,0,0,0,0,0,0.0,0,0,0.0,0.0
Industrial and commercial areas-Soy,0.0,0,0,0,0,0.0,0,0.0,0,0.0,0.0,0.0,0.0,0,0,0.0,0,0,0,0,0,0,0,0,0.0,0,0.0,0,0,0,0,0,0,0,0,0,0,0.0,0.0,0,0,0,0,0.0,0,0,0.0,0,0,0,0,0,0,0,0,0,0.0,0.0,0,0,0,0,0,0,0.0,0,0,0,0,0,0,0,0,0,0,0,0,0,0,0,0,0.0,0,0,0,0,0,0,0,0,0.0,0,0,0,0,0,0,0,0,0,0.0,0,0,0,0,0,0,0,0,0,0,0,0.0,0,0,0,0,0.0,0,0.0,0,0.0,0.0,0.0,0.0,0,0,0,0,0,0,0,0,0,0,0.0,0,0,0,0.0,0.0,0.0,0,0,0,0.0,0,0,0,0,0,0.0,0,0,0.0,0.0,0.0,0.0,0,0,0,0,0,0,0,0,0,0,0,0.0,0,0,0,0,0,0,0,0,0,0,0,0,0,0.0,0,0,0,0,0,0.0,0,0,0,0,0,0,0,0.0,0,0.0,0.0,0.0,0.0,0,0,0,0.0,0,0,0,0,0,0,0.0,0,0.0,0,0,4.0,0.0,0.0,0.0,0,0,0,0.0,0,0,0,0,0,0,0.0,0,0.0,0,0,0.0,0.0,0.0,0.0,0,0,0,0.0,0,0.0,0.0,0.0,0.0,0.0,0,0,0,0,0,0,0,0,0,0.0,0.0,0,0,0,0,0,0,0,0,0,0,0,0,0,0,0.0,0,0,0,0,0,0,0,0,0,0,0,0.0,0,0,0.0,0.0
"Industrial and commercial areas-Straw cereals (Wheat, Triticale, Barley)",0.0,0,0,0,0,0.0,0,0.0,0,0.0,0.0,0.0,0.0,0,0,0.0,0,0,0,0,0,0,0,0,0.0,0,0.0,0,0,0,0,0,0,0,0,0,0,0.0,0.0,0,0,0,0,0.0,0,0,0.0,0,0,0,0,0,0,0,0,0,0.0,0.0,0,0,0,0,0,0,0.0,0,0,0,0,0,0,0,0,0,0,0,0,0,0,0,0,0.0,0,0,0,0,0,0,0,0,0.0,0,0,0,0,0,0,0,0,0,0.0,0,0,0,0,0,0,0,0,0,0,0,0.0,0,0,0,0,0.0,0,0.0,0,0.0,8.0,0.0,0.0,0,0,0,0,0,0,0,0,0,0,0.0,0,0,0,0.0,0.0,0.0,0,0,0,0.0,0,0,0,0,0,0.0,0,0,0.0,0.0,0.0,0.0,0,0,0,0,0,0,0,0,0,0,0,0.0,0,0,0,0,0,0,0,0,0,0,0,0,0,0.0,0,0,0,0,0,0.0,0,0,0,0,0,0,0,0.0,0,0.0,0.0,0.0,0.0,0,0,0,0.0,0,0,0,0,0,0,0.0,0,0.0,0,0,0.0,7.0,0.0,0.0,0,0,0,0.0,0,0,0,0,0,0,0.0,0,0.0,0,0,0.0,0.0,0.0,0.0,0,0,0,0.0,0,0.0,0.0,0.0,0.0,0.0,0,0,0,0,0,0,0,0,0,0.0,0.0,0,0,0,0,0,0,0,0,0,0,0,0,0,0,0.0,0,0,0,0,0,0,0,0,0,0,0,0.0,0,0,0.0,0.0
Industrial and commercial areas-Sunflower,0.0,0,0,3,0,0.0,0,0.0,0,0.0,0.0,6.0,0.0,0,0,0.0,0,0,0,0,0,0,0,0,0.0,0,0.0,0,0,0,0,0,0,0,0,0,0,0.0,0.0,0,0,0,0,0.0,0,0,0.0,0,0,0,0,0,0,0,0,0,0.0,0.0,0,0,0,0,0,0,0.0,0,0,0,0,0,0,0,0,0,0,0,0,0,0,0,0,3.0,0,0,0,0,0,0,0,0,8.0,0,0,0,0,0,0,0,0,0,0.0,0,0,0,0,0,0,0,0,0,0,0,0.0,0,0,1,0,0.0,0,0.0,0,0.0,0.0,0.0,0.0,0,0,0,0,0,0,0,0,0,0,0.0,0,0,0,0.0,0.0,0.0,0,0,0,0.0,0,0,0,0,0,0.0,0,0,0.0,0.0,0.0,0.0,0,0,0,0,0,0,0,0,0,0,0,0.0,0,0,0,0,0,0,0,0,0,0,0,0,0,0.0,0,0,0,0,0,0.0,0,0,0,1,0,0,0,0.0,0,0.0,0.0,0.0,0.0,0,0,0,0.0,0,0,0,0,0,0,0.0,0,0.0,0,0,0.0,0.0,117.0,0.0,0,0,0,0.0,0,0,0,0,1,0,0.0,0,0.0,0,0,0.0,0.0,1.0,0.0,0,0,0,0.0,0,0.0,0.0,0.0,0.0,0.0,0,0,0,0,0,0,0,0,0,0.0,0.0,0,0,0,0,0,0,0,0,0,0,0,0,0,0,0.0,0,0,0,0,0,0,0,0,0,0,0,0.0,0,0,0.0,0.667779632721202
Natural grasslands and pastures-Corn,0.0,0,0,0,0,0.0,0,0.0,0,0.0,0.0,0.0,0.0,0,0,0.0,0,0,0,0,0,0,0,0,0.0,0,0.0,0,0,0,0,0,0,0,0,0,0,0.0,0.0,0,0,0,0,0.0,0,0,0.0,0,0,0,0,0,0,0,0,0,0.0,0.0,0,0,0,0,0,0,0.0,0,0,0,0,0,0,0,0,0,0,0,0,0,0,0,0,0.0,0,0,0,0,0,0,0,0,0.0,0,0,0,0,0,0,0,0,0,0.0,0,0,0,0,0,0,0,0,0,0,0,0.0,0,0,0,0,0.0,0,0.0,0,0.0,0.0,0.0,0.0,0,0,0,0,0,0,0,0,0,0,0.0,0,0,0,0.0,0.0,0.0,0,0,0,0.0,0,0,0,0,0,0.0,0,0,0.0,0.0,0.0,0.0,0,0,0,0,0,0,0,0,0,0,0,0.0,0,0,0,0,0,0,0,0,0,0,0,0,0,0.0,0,0,0,0,0,0.0,0,0,0,0,0,0,0,0.0,0,0.0,0.0,0.0,0.0,0,0,0,3.0,0,0,0,0,0,0,0.0,0,0.0,0,0,0.0,0.0,0.0,0.0,0,0,0,0.0,0,0,0,0,0,0,0.0,0,0.0,0,0,0.0,0.0,0.0,0.0,0,0,0,0.0,0,0.0,0.0,0.0,0.0,0.0,0,0,0,0,0,0,0,0,0,0.0,0.0,0,0,0,0,0,0,0,0,0,0,0,0,0,0,0.0,0,0,0,0,0,0,0,0,0,0,0,0.0,0,0,0.0,0.0
Natural grasslands and pastures-Natural grasslands and pastures,29.0,0,4,0,0,0.0,0,0.0,0,0.0,0.0,0.0,0.0,0,0,0.0,0,0,0,0,0,0,0,0,2.0,0,1992.0,1375,954,3445,2962,12,60,0,2,80,7,46.0,129.0,0,4,0,68,3.0,0,19,9613.0,164,622,615,5,2,0,0,1,4,75.0,69.0,0,0,62,0,5,35,4519.0,53,487,1,0,17,1,0,12,0,0,33,0,0,149,664,3,1135.0,188,9,0,0,9,1,0,10,30.0,0,0,5,12,0,150,522,678,631,52459.0,7,11,4,28,0,98,65,0,0,12,117,0.0,1,24,92,4,3.0,0,0.0,0,0.0,96.0,9.0,0.0,0,0,0,0,0,0,3,0,10,0,5.0,0,0,0,0.0,0.0,0.0,0,0,0,0.0,0,414,0,82,56,1.0,0,0,0.0,244.0,10.0,0.0,0,0,0,0,0,0,1,35,14,0,0,43.0,0,0,1,0,0,0,0,0,26,19,16,0,0,221.0,0,0,0,0,0,0.0,0,8,0,1,3,0,0,0.0,0,0.0,0.0,2.0,0.0,0,0,1,15.0,0,42,110,1,87,110,41.0,0,0.0,0,0,38.0,558.0,1253.0,0.0,0,0,2,8.0,0,27,42,6,71,595,10.0,3,8.0,0,0,1.0,260.0,136.0,0.0,0,0,12,0.0,0,0.0,0.0,0.0,0.0,0.0,0,2,0,0,0,0,0,0,0,0.0,0.0,0,0,0,0,0,5,16,0,0,0,0,0,0,0,61.0,0,0,25,234,252,55,189,0,0,0,0,0.0,91,0,552.0,92.71486894894045
Natural grasslands and pastures-Oilseeds (Rapeseed),0.0,0,0,0,0,0.0,0,0.0,0,0.0,0.0,0.0,0.0,0,0,0.0,0,0,0,0,0,0,0,0,0.0,0,0.0,0,0,0,0,0,0,0,0,0,0,0.0,0.0,0,0,0,0,0.0,0,0,0.0,0,0,0,0,0,0,0,0,0,0.0,0.0,0,0,0,0,0,0,0.0,0,0,0,0,0,0,0,0,0,0,0,0,0,0,0,0,0.0,0,0,0,0,0,0,0,0,0.0,0,0,0,0,0,0,0,0,0,0.0,0,0,0,0,0,0,0,0,0,0,0,0.0,0,0,0,0,0.0,0,0.0,0,0.0,0.0,0.0,0.0,0,0,0,0,0,0,0,0,0,0,0.0,0,0,0,0.0,0.0,0.0,0,0,0,0.0,0,0,0,0,0,0.0,0,0,0.0,0.0,0.0,0.0,0,0,0,0,0,0,0,0,0,0,0,0.0,0,0,0,0,0,0,0,0,0,0,0,0,0,0.0,0,0,0,0,0,0.0,0,0,0,0,0,0,0,0.0,0,0.0,0.0,0.0,0.0,0,0,0,0.0,0,0,0,0,0,0,34.0,0,0.0,0,0,0.0,0.0,0.0,0.0,0,0,0,0.0,0,0,0,0,0,0,0.0,0,0.0,0,0,0.0,0.0,0.0,0.0,0,0,0,0.0,0,0.0,0.0,0.0,0.0,0.0,0,0,0,0,0,0,0,0,0,0.0,0.0,0,0,0,0,0,0,0,0,0,0,0,0,0,0,0.0,0,0,0,0,0,0,0,0,0,0,0,0.0,0,0,0.0,0.0
Natural grasslands and pastures-Sunflower,0.0,0,0,0,0,0.0,0,0.0,0,0.0,0.0,0.0,0.0,0,0,0.0,0,0,0,0,0,0,0,0,0.0,0,0.0,0,0,0,0,0,0,0,0,0,0,0.0,0.0,0,0,0,0,0.0,0,0,0.0,0,0,0,0,0,0,0,0,0,0.0,0.0,0,0,0,0,0,0,0.0,0,0,0,0,0,0,0,0,0,0,0,0,0,0,0,0,0.0,0,0,0,0,0,0,0,0,0.0,0,0,0,0,0,0,0,0,0,0.0,0,0,0,0,0,0,0,0,0,0,0,0.0,0,0,0,0,0.0,0,0.0,0,0.0,0.0,0.0,0.0,0,0,0,0,0,0,0,0,0,0,0.0,0,0,0,0.0,0.0,0.0,0,0,0,0.0,0,0,0,0,0,0.0,0,0,0.0,0.0,0.0,0.0,0,0,0,0,0,0,0,0,0,0,0,0.0,0,0,0,0,0,0,0,0,0,0,0,0,0,0.0,0,0,0,0,0,0.0,0,0,0,0,0,0,0,0.0,0,0.0,0.0,0.0,0.0,0,0,0,0.0,0,0,0,0,0,0,0.0,0,0.0,0,0,0.0,0.0,3.0,0.0,0,0,0,0.0,0,0,0,0,0,0,0.0,0,0.0,0,0,0.0,0.0,0.0,0.0,0,0,0,0.0,0,0.0,0.0,0.0,0.0,0.0,0,0,0,0,0,0,0,0,0,0.0,0.0,0,0,0,0,0,0,0,0,0,0,0,0,0,0,0.0,0,0,0,0,0,0,0,0,0,0,0,0.0,0,0,0.0,0.0
Oilseeds (Rapeseed)-Corn,0.0,0,0,0,0,0.0,0,0.0,0,0.0,0.0,0.0,0.0,0,0,0.0,0,0,0,0,0,0,0,0,54.0,0,0.0,0,0,1,0,0,0,0,0,0,0,0.0,5.0,0,0,0,0,6.0,0,0,0.0,0,1,0,0,0,0,0,0,0,0.0,0.0,0,0,0,0,0,0,0.0,0,0,0,0,0,0,0,0,0,0,0,23,0,0,0,0,1.0,0,0,0,0,0,0,0,0,0.0,0,0,0,0,0,0,0,0,0,0.0,0,0,0,0,0,0,0,0,0,0,0,8776.0,0,0,3,0,5.0,0,0.0,0,84.0,1.0,191.0,0.0,0,0,0,1,0,0,0,0,0,0,0.0,0,0,0,0.0,0.0,0.0,0,0,0,20.0,0,0,0,0,0,0.0,0,0,1.0,0.0,0.0,0.0,0,0,0,0,0,0,0,0,0,0,0,0.0,0,0,0,0,0,0,0,0,0,0,0,0,0,0.0,0,0,0,0,0,0.0,0,0,0,0,0,0,0,0.0,0,0.0,0.0,0.0,0.0,0,0,0,8.0,0,1,0,0,0,0,0.0,0,0.0,0,0,8.0,0.0,0.0,0.0,0,0,0,22.0,0,0,0,0,0,0,0.0,0,0.0,0,0,0.0,0.0,1.0,0.0,0,0,0,0.0,0,0.0,0.0,0.0,0.0,0.0,0,0,0,0,0,0,0,0,0,0.0,0.0,0,0,0,0,0,0,0,0,0,0,0,0,0,0,0.0,0,0,0,0,0,0,0,0,0,0,0,0.0,0,0,0.0,97.70652415942997
Oilseeds (Rapeseed)-Oilseeds (Rapeseed),0.0,0,0,0,0,0.0,0,0.0,0,0.0,0.0,0.0,0.0,0,0,0.0,0,0,0,0,0,0,0,0,0.0,0,0.0,0,0,0,0,3,0,0,0,0,0,0.0,1.0,0,0,0,0,0.0,0,0,0.0,0,0,0,0,0,0,0,0,0,1.0,0.0,0,0,0,0,0,0,0.0,0,0,0,0,0,0,0,0,0,0,0,0,0,0,0,0,0.0,0,0,0,0,0,0,0,0,0.0,0,0,0,0,0,0,0,0,0,0.0,0,0,0,0,0,0,0,0,0,0,0,0.0,0,0,0,0,209.0,0,0.0,0,0.0,499.0,0.0,0.0,0,0,0,0,0,0,0,0,0,0,0.0,0,0,0,0.0,0.0,0.0,0,0,0,0.0,0,0,0,0,0,220.0,0,0,0.0,9.0,0.0,0.0,0,0,0,0,0,0,0,0,0,0,0,0.0,0,0,0,0,0,0,0,0,0,0,0,0,0,0.0,0,0,0,0,0,0.0,0,0,0,0,0,0,0,0.0,0,0.0,0.0,0.0,0.0,0,0,0,0.0,0,1,0,0,0,0,201.0,0,0.0,0,0,0.0,2.0,1.0,0.0,0,0,0,0.0,0,0,0,0,0,0,10.0,0,0.0,0,0,0.0,0.0,0.0,0.0,0,0,0,0.0,0,0.0,0.0,0.0,0.0,0.0,0,0,0,0,0,0,0,0,0,0.0,0.0,0,0,0,0,0,0,0,0,0,0,0,0,0,0,0.0,0,0,0,0,0,0,0,0,0,0,0,0.0,0,0,0.0,53.316326530612244
Oilseeds (Rapeseed)-Protein crops (Beans / Peas),0.0,0,0,0,0,0.0,0,0.0,0,0.0,0.0,0.0,0.0,0,0,0.0,0,0,0,0,0,0,0,0,0.0,0,0.0,0,0,1,0,0,0,0,0,0,0,0.0,0.0,0,0,0,0,0.0,0,0,0.0,0,0,0,0,0,0,0,0,0,0.0,0.0,0,0,0,0,0,0,0.0,0,0,0,0,0,0,0,0,0,0,0,0,0,0,0,0,0.0,0,0,0,0,0,0,0,0,0.0,0,0,0,0,0,0,0,0,0,0.0,0,0,0,0,0,0,0,0,0,0,0,0.0,0,0,0,0,3.0,0,497.0,0,0.0,0.0,0.0,0.0,0,0,0,0,0,0,0,0,0,0,0.0,0,0,0,0.0,0.0,0.0,0,0,0,0.0,0,0,0,0,0,0.0,0,0,0.0,0.0,0.0,0.0,0,0,0,0,0,0,0,0,0,0,0,0.0,0,0,0,0,0,0,0,0,0,0,0,0,0,0.0,0,0,0,0,0,0.0,0,0,0,0,0,0,0,0.0,0,0.0,0.0,0.0,0.0,0,0,0,0.0,0,0,0,0,0,0,0.0,0,3.0,0,0,0.0,1.0,0.0,0.0,0,0,0,0.0,0,0,0,0,0,0,0.0,0,0.0,0,0,0.0,0.0,0.0,0.0,0,0,0,0.0,0,0.0,0.0,0.0,0.0,0.0,0,0,0,0,0,0,0,0,0,0.0,0.0,0,0,0,0,0,0,0,0,0,0,0,0,0,0,0.0,0,0,0,0,0,0,0,0,0,0,0,0.0,0,0,0.0,98.22134387351778
Oilseeds (Rapeseed)-Soy,0.0,0,0,0,0,0.0,0,0.0,0,0.0,0.0,0.0,0.0,0,0,0.0,0,0,0,0,0,0,0,0,0.0,0,0.0,0,0,0,0,0,0,0,0,0,7,0.0,1.0,0,0,0,0,0.0,0,0,0.0,0,0,0,0,0,0,0,0,0,0.0,0.0,0,0,0,0,0,0,0.0,0,0,0,0,0,0,0,0,0,0,0,0,0,0,0,0,0.0,0,0,0,0,0,0,0,0,0.0,0,0,0,0,0,0,0,0,0,0.0,0,0,0,0,0,0,0,0,0,0,0,3.0,0,0,0,0,0.0,2,0.0,0,8445.0,0.0,161.0,0.0,0,0,0,0,0,0,0,0,0,0,0.0,0,0,0,0.0,0.0,0.0,0,0,0,1.0,0,0,0,0,0,0.0,0,0,0.0,0.0,0.0,0.0,0,0,0,0,0,0,0,0,0,0,0,0.0,0,0,0,0,0,0,0,0,0,0,0,0,0,0.0,0,0,0,0,0,0.0,0,0,0,0,0,0,0,0.0,0,194.0,0.0,0.0,0.0,0,0,0,0.0,0,0,0,0,0,0,0.0,0,0.0,0,0,7.0,0.0,0.0,0.0,0,0,0,0.0,0,0,0,0,0,0,0.0,0,0.0,0,0,12.0,0.0,0.0,0.0,0,0,0,0.0,0,0.0,0.0,0.0,0.0,0.0,0,0,0,0,0,0,0,0,0,0.0,0.0,0,0,0,0,0,0,0,0,0,0,0,0,0,0,0.0,0,0,0,0,0,0,0,0,0,0,0,0.0,0,0,0.0,89.36507936507937
"Oilseeds (Rapeseed)-Straw cereals (Wheat, Triticale, Barley)",0.0,0,0,0,0,0.0,0,0.0,0,0.0,31.0,0.0,0.0,0,0,0.0,0,0,0,0,0,0,0,0,0.0,0,0.0,23,0,15,0,1,0,0,0,0,0,151.0,9.0,0,0,0,0,0.0,0,0,8.0,0,1,0,0,2,0,0,0,0,12.0,0.0,0,0,0,0,0,0,0.0,0,0,0,0,0,0,0,0,0,0,0,0,0,0,0,0,1.0,0,0,0,0,0,0,0,7,0.0,0,0,0,0,0,0,0,0,0,0.0,0,0,0,0,0,0,0,0,0,0,0,0.0,2,67,10,1,16.0,0,0.0,0,0.0,70839.0,206.0,0.0,0,0,0,0,0,0,0,0,0,0,0.0,0,0,0,0.0,0.0,0.0,0,0,0,0.0,1,0,0,1,0,0.0,0,0,0.0,212.0,11.0,0.0,0,0,0,0,0,0,0,0,0,0,0,0.0,0,0,0,0,0,0,0,0,0,0,0,0,0,0.0,0,0,0,0,0,0.0,0,0,0,0,0,0,0,0.0,0,0.0,946.0,0.0,0.0,0,0,0,4.0,0,1,0,0,8,1,1.0,0,0.0,0,0,0.0,325.0,0.0,0.0,2,0,0,0.0,0,0,5,0,1,0,0.0,0,0.0,0,0,0.0,382.0,6.0,0.0,0,0,0,0.0,0,0.0,0.0,0.0,0.0,0.0,0,0,0,0,0,0,0,0,0,0.0,0.0,0,0,0,0,0,0,0,0,0,0,0,0,0,0,0.0,0,0,0,0,0,0,0,0,0,0,0,0.0,0,0,0.0,98.04434479322371
Oilseeds (Rapeseed)-Sunflower,0.0,0,0,0,0,0.0,0,0.0,0,0.0,0.0,0.0,0.0,0,0,0.0,0,0,0,0,0,0,0,0,0.0,0,1.0,0,0,1,1,0,0,0,0,0,0,0.0,39.0,0,0,0,0,0.0,0,0,2.0,0,0,0,0,0,0,0,0,0,0.0,6.0,0,0,0,0,0,0,0.0,0,0,0,0,0,0,0,0,0,0,0,0,0,0,0,0,0.0,0,0,0,0,0,0,0,0,15.0,0,0,0,0,0,0,0,0,0,0.0,0,0,0,0,0,0,0,0,0,0,0,74.0,1,6,9,0,0.0,0,0.0,0,0.0,46.0,8180.0,0.0,0,0,0,0,0,0,0,0,0,0,0.0,0,0,0,0.0,0.0,0.0,0,0,0,0.0,0,0,0,0,0,0.0,0,0,0.0,6.0,134.0,0.0,0,0,0,0,0,0,0,0,0,0,0,0.0,0,0,0,0,0,0,0,0,0,0,0,0,0,0.0,0,0,0,0,0,2.0,0,0,0,0,0,0,0,0.0,0,0.0,0.0,2.0,0.0,0,0,0,3.0,0,0,0,0,0,0,0.0,0,0.0,0,0,0.0,0.0,79.0,0.0,0,0,0,14.0,0,0,0,0,0,0,0.0,0,0.0,0,0,0.0,0.0,70.0,0.0,0,0,0,0.0,0,0.0,0.0,0.0,0.0,0.0,0,0,0,0,0,0,0,0,0,0.0,0.0,0,0,0,0,0,0,0,0,0,0,0,0,0,0,0.0,0,0,0,0,0,0,0,0,0,0,0,0.0,0,0,0.0,82.54288597376387
Oilseeds (Rapeseed)-Tubers/roots,0.0,0,0,0,0,0.0,0,0.0,0,0.0,0.0,0.0,0.0,0,0,0.0,0,0,0,0,0,0,0,0,0.0,0,0.0,0,0,0,0,0,0,0,0,0,0,0.0,0.0,0,0,0,0,0.0,0,0,0.0,0,0,0,0,0,0,0,0,0,0.0,0.0,0,0,0,0,0,0,0.0,0,0,0,0,0,0,0,0,0,0,0,0,0,0,0,0,1.0,0,0,0,0,0,0,0,0,2.0,3,0,0,0,0,0,0,0,0,0.0,0,0,0,0,0,0,0,0,0,0,0,0.0,5,0,3,0,0.0,0,7.0,0,0.0,0.0,37.0,399.0,0,0,0,0,0,0,0,0,0,0,0.0,0,0,0,0.0,0.0,0.0,0,0,0,0.0,0,0,0,0,0,0.0,0,0,0.0,0.0,0.0,3.0,0,0,0,0,0,0,0,0,0,0,0,0.0,0,0,0,0,0,0,0,0,0,0,0,0,0,0.0,0,0,0,0,0,0.0,0,0,0,0,0,0,0,0.0,0,0.0,0.0,0.0,0.0,0,0,0,0.0,0,0,0,0,0,0,0.0,0,0.0,0,0,0.0,0.0,0.0,0.0,0,0,0,0.0,0,0,0,0,0,0,0.0,0,0.0,0,0,0.0,0.0,0.0,0.0,0,0,0,0.0,0,0.0,0.0,0.0,0.0,0.0,0,0,0,0,0,0,0,0,0,0.0,0.0,0,0,0,0,0,0,0,0,0,0,0,0,0,0,0.0,0,0,0,0,0,0,0,0,0,0,0,0.0,0,0,0.0,98.27586206896551
Orchards and fruit growing-Corn,0.0,0,0,0,0,0.0,0,0.0,0,0.0,0.0,0.0,0.0,0,0,0.0,0,0,0,0,0,0,0,0,0.0,0,0.0,0,0,0,0,0,0,0,0,0,0,0.0,0.0,0,0,0,0,168.0,0,0,0.0,0,0,0,0,0,0,0,0,0,0.0,0.0,0,0,0,0,0,0,0.0,0,0,0,0,0,0,0,0,0,0,0,2,0,0,0,0,0.0,0,0,0,0,0,0,0,0,0.0,0,0,0,0,0,0,0,0,0,0.0,0,0,0,0,0,0,0,0,0,0,0,6.0,0,0,0,0,0.0,0,0.0,0,0.0,0.0,0.0,0.0,0,0,0,0,0,0,0,0,0,0,0.0,0,0,0,0.0,0.0,0.0,0,0,0,2.0,0,0,0,0,0,0.0,0,0,0.0,0.0,0.0,0.0,0,0,0,0,0,0,0,0,0,0,0,0.0,0,0,0,0,0,0,0,0,0,0,0,0,0,0.0,0,0,0,0,0,0.0,0,0,0,0,0,0,0,0.0,0,0.0,0.0,0.0,0.0,0,0,0,6.0,0,0,0,0,0,0,0.0,0,0.0,0,0,0.0,0.0,0.0,0.0,0,0,0,0.0,0,0,0,0,0,0,0.0,0,0.0,0,0,0.0,0.0,0.0,0.0,0,0,0,0.0,0,0.0,0.0,0.0,0.0,0.0,0,0,0,0,0,0,0,0,0,0.0,0.0,0,0,0,0,0,0,0,0,0,0,0,0,0,0,0.0,0,0,0,0,0,0,0,0,0,0,0,0.0,0,0,0.0,0.0
Orchards and fruit growing-Orchards and fruit growing,104.0,0,3,2,0,1.0,13,0.0,0,28.0,18.0,1.0,0.0,0,0,0.0,0,0,0,0,0,0,0,0,157.0,0,156.0,1142,1721,2751,76,118,9612,0,0,5,88,66.0,244.0,0,131,0,4,24.0,0,3,460.0,0,296,2,1,73,0,0,0,0,21.0,43.0,33,0,3,0,0,7,845.0,3,10,283,0,0,0,0,0,0,0,0,8,0,0,152,0,133.0,0,29,121,0,2,0,34,18,53.0,0,8,0,0,0,0,11,4,59,14.0,0,187,0,0,0,3,12,0,1,0,0,0.0,0,2,7,0,0.0,5,0.0,0,1.0,7.0,53.0,0.0,0,0,0,106,57,100,223,206,13,55,86977.0,6,0,6,96.0,63.0,253.0,3,26,0,0.0,0,20,0,3,0,0.0,0,0,5.0,10.0,12.0,0.0,0,0,0,0,0,0,0,1,0,0,18,2.0,0,0,19,0,0,0,0,0,0,0,2,39,0,2.0,0,0,0,0,0,0.0,2,1,0,0,0,0,7,0.0,0,6.0,1.0,9.0,0.0,0,0,2,24.0,0,0,2,0,0,0,6.0,103,24.0,0,0,77.0,144.0,27.0,16.0,0,0,0,7.0,0,15,44,24,119,1,39.0,338,1.0,0,0,130.0,185.0,329.0,0.0,106,0,0,0.0,0,0.0,0.0,0.0,0.0,0.0,0,5,0,4,0,0,3,0,0,5.0,16.0,0,0,0,0,0,0,0,7,0,0,0,0,0,0,13.0,0,0,3,67,10,16,28,0,9,0,0,0.0,2,0,18.0,99.93910145926692
Orchards and fruit growing-Soy,0.0,0,0,0,0,0.0,0,0.0,0,0.0,0.0,0.0,0.0,0,0,0.0,0,0,0,0,0,0,0,0,0.0,0,0.0,0,0,0,0,0,0,0,0,0,0,0.0,0.0,0,0,0,0,0.0,0,0,0.0,0,0,0,0,0,0,0,0,0,0.0,0.0,0,0,0,0,0,0,0.0,0,0,0,0,0,0,0,0,0,0,0,0,0,0,0,0,0.0,0,0,0,0,0,0,0,0,0.0,0,0,0,0,0,0,0,0,0,0.0,0,0,0,0,0,0,0,0,0,0,0,0.0,0,0,0,0,0.0,0,0.0,0,0.0,0.0,0.0,0.0,0,0,0,0,0,0,0,0,0,0,5.0,0,0,0,60.0,0.0,2.0,0,0,0,0.0,0,0,0,0,0,0.0,0,0,0.0,0.0,0.0,0.0,0,0,0,0,0,0,0,0,0,0,0,0.0,0,0,0,0,0,0,0,0,0,0,0,0,0,0.0,0,0,0,0,0,0.0,0,0,0,0,0,0,0,0.0,0,0.0,0.0,0.0,0.0,0,0,0,0.0,0,0,0,0,0,0,0.0,0,0.0,0,0,0.0,0.0,0.0,0.0,0,0,0,0.0,0,0,0,0,0,0,0.0,0,0.0,0,0,7.0,0.0,0.0,0.0,0,0,0,0.0,0,0.0,0.0,0.0,0.0,0.0,0,0,0,0,0,0,0,0,0,0.0,0.0,0,0,0,0,0,0,0,0,0,0,0,0,0,0,0.0,0,0,0,0,0,0,0,0,0,0,0,0.0,0,0,0.0,37.9746835443038
"Orchards and fruit growing-Straw cereals (Wheat, Triticale, Barley)",0.0,0,0,0,0,0.0,0,0.0,0,0.0,9.0,0.0,0.0,0,0,0.0,0,0,0,0,0,0,0,0,0.0,0,0.0,0,0,0,0,0,0,0,0,0,0,1.0,0.0,0,0,0,0,0.0,0,0,0.0,0,0,0,0,0,0,0,0,0,0.0,0.0,0,0,0,0,0,0,0.0,0,0,0,0,0,0,0,0,0,0,0,0,0,0,0,0,0.0,0,0,0,0,0,0,0,0,0.0,0,0,0,0,0,0,0,0,0,0.0,0,0,0,0,0,0,0,0,0,0,0,0.0,0,0,0,0,0.0,0,0.0,0,0.0,0.0,0.0,0.0,0,0,0,0,0,0,0,0,0,0,0.0,0,0,0,0.0,91.0,0.0,0,0,0,0.0,0,0,0,0,0,0.0,0,0,0.0,0.0,0.0,0.0,0,0,0,0,0,0,0,0,0,0,0,0.0,0,0,0,0,0,0,0,0,0,0,0,0,0,0.0,0,0,0,0,0,0.0,0,0,0,0,0,0,0,0.0,0,0.0,0.0,0.0,0.0,0,0,0,0.0,0,0,0,0,0,0,0.0,0,0.0,0,0,0.0,0.0,0.0,0.0,0,0,0,0.0,0,0,0,0,0,0,0.0,0,0.0,0,0,0.0,57.0,0.0,0.0,0,0,0,0.0,0,0.0,0.0,0.0,0.0,0.0,0,0,0,0,0,0,0,0,0,0.0,0.0,0,0,0,0,0,0,0,0,0,0,0,0,0,0,0.0,0,0,0,0,0,0,0,0,0,0,0,0.0,0,0,0.0,57.59493670886076
Orchards and fruit growing-Sunflower,0.0,0,0,0,0,0.0,0,0.0,0,0.0,0.0,0.0,0.0,0,0,0.0,0,0,0,0,0,0,0,0,0.0,0,0.0,0,0,0,0,0,0,0,0,0,0,0.0,0.0,0,0,0,0,0.0,0,0,0.0,0,0,0,0,0,0,0,0,0,0.0,0.0,0,0,0,0,0,0,0.0,0,0,0,0,0,0,0,0,0,0,0,0,0,0,0,0,0.0,0,0,0,0,0,0,0,0,0.0,0,0,0,0,0,0,0,0,0,0.0,0,0,0,0,0,0,0,0,0,0,0,0.0,0,0,0,0,0.0,0,0.0,0,0.0,0.0,0.0,0.0,0,0,0,0,0,0,0,0,0,0,0.0,0,0,0,0.0,0.0,131.0,0,0,0,0.0,0,0,0,0,0,0.0,0,0,0.0,0.0,0.0,0.0,0,0,0,0,0,0,0,0,0,0,0,0.0,0,0,0,0,0,0,0,0,0,0,0,0,0,0.0,0,0,0,0,0,0.0,0,0,0,0,0,0,0,0.0,0,0.0,0.0,0.0,0.0,0,0,0,0.0,0,0,0,0,0,0,0.0,0,0.0,0,0,0.0,0.0,6.0,0.0,0,0,0,0.0,0,0,0,0,0,0,0.0,0,0.0,0,0,0.0,0.0,0.0,0.0,0,0,0,0.0,0,0.0,0.0,0.0,0.0,0.0,0,0,0,0,0,0,0,0,0,0.0,0.0,0,0,0,0,0,0,0,0,0,0,0,0,0,0,0.0,0,0,0,0,0,0,0,0,0,0,0,0.0,0,0,0.0,33.589743589743584
Protein crops (Beans / Peas)-Corn,1.0,0,0,0,0,0.0,0,0.0,0,0.0,0.0,0.0,0.0,0,0,0.0,0,0,0,0,0,0,0,0,45.0,0,0.0,0,0,0,0,0,0,0,0,0,3,0.0,16.0,0,0,0,0,6.0,0,0,0.0,0,0,0,0,0,0,0,0,0,0.0,0.0,0,0,0,0,0,0,0.0,0,0,0,0,0,0,0,0,0,0,0,17,0,0,0,0,0.0,0,0,0,0,0,0,17,0,4.0,0,0,0,0,0,0,0,0,0,0.0,0,0,0,0,0,0,0,0,0,0,0,0.0,0,0,5,0,3.0,0,0.0,0,145.0,0.0,140.0,0.0,0,0,0,0,0,0,0,0,0,0,0.0,0,0,0,0.0,0.0,0.0,0,0,0,5651.0,1,0,0,12,0,0.0,0,0,30.0,0.0,120.0,0.0,0,0,0,0,0,0,0,0,0,0,0,0.0,0,0,0,0,0,0,0,0,0,0,0,0,0,0.0,0,0,0,0,0,6.0,0,0,0,0,0,0,0,0.0,0,0.0,0.0,0.0,0.0,0,0,0,263.0,0,0,0,0,0,0,0.0,0,0.0,0,0,27.0,0.0,99.0,0.0,0,0,0,31.0,0,0,0,0,0,0,0.0,0,0.0,0,0,114.0,0.0,18.0,0.0,0,0,0,1.0,0,0.0,0.0,0.0,0.0,0.0,0,0,0,0,0,0,0,0,0,0.0,0.0,0,0,0,0,0,0,0,0,0,0,0,0,0,0,0.0,0,0,0,0,0,0,0,0,0,0,0,0.0,0,0,0.0,92.17093459468276
Protein crops (Beans / Peas)-Oilseeds (Rapeseed),0.0,0,0,0,0,2.0,0,0.0,0,0.0,0.0,0.0,0.0,0,0,0.0,0,0,0,0,0,0,0,0,0.0,0,0.0,1,0,4,0,29,0,0,0,0,0,0.0,9.0,0,0,0,0,0.0,0,0,1.0,0,0,0,33,0,0,0,0,0,0.0,0.0,0,0,0,0,0,0,0.0,0,0,0,0,0,0,0,0,0,0,0,0,0,0,0,0,0.0,0,211,0,0,0,0,0,0,1.0,0,0,0,0,0,0,0,0,0,0.0,0,0,0,0,0,0,0,0,0,0,0,0.0,0,0,0,0,9.0,0,0.0,0,0.0,0.0,0.0,0.0,0,0,0,0,0,0,0,0,0,0,0.0,0,0,0,0.0,0.0,0.0,0,0,0,0.0,0,0,0,1,0,1695.0,1,0,1.0,4.0,14.0,0.0,0,0,0,0,0,0,0,0,0,0,0,0.0,0,0,0,0,0,0,0,0,0,0,0,0,0,0.0,0,0,0,0,0,0.0,0,0,0,0,0,0,0,0.0,0,0.0,0.0,0.0,0.0,0,0,0,0.0,0,0,0,0,5,0,260.0,0,2.0,0,0,3.0,24.0,46.0,0.0,0,0,0,0.0,0,0,0,0,0,0,27.0,0,0.0,0,0,0.0,0.0,0.0,0.0,0,0,0,0.0,0,5.0,0.0,0.0,0.0,0.0,0,0,0,0,0,0,0,0,0,0.0,0.0,0,0,0,0,0,0,0,0,0,0,0,0,0,0,0.0,0,0,0,0,0,0,0,0,0,0,0,0.0,0,0,0.0,81.02294455066922
Protein crops (Beans / Peas)-Soy,0.0,0,0,0,0,0.0,0,0.0,0,1.0,0.0,0.0,0.0,0,0,0.0,0,0,0,0,0,0,0,0,1.0,0,14.0,12,12,259,1,5,0,0,0,2,91,68.0,16.0,0,0,0,0,0.0,0,1,0.0,0,4,0,0,0,0,0,0,10,0.0,1.0,0,0,0,0,1,0,12.0,0,1,0,0,1,11,0,0,0,0,1,0,0,0,1,0,90.0,1,5,0,0,2,0,21,20,7.0,0,0,0,0,0,1,0,1,2,0.0,0,0,0,0,6,0,1,0,0,0,0,5.0,0,0,0,0,0.0,0,0.0,0,663.0,1.0,7.0,0.0,0,0,0,0,0,0,0,0,0,0,0.0,0,0,0,0.0,0.0,0.0,0,0,0,14.0,42,25,1,85,7,0.0,0,0,17379.0,92.0,259.0,0.0,0,0,0,0,0,0,0,0,0,0,0,0.0,0,0,0,0,0,0,0,0,1,1,0,0,0,0.0,0,0,0,0,0,0.0,0,0,0,4,0,0,0,0.0,0,6.0,0.0,1.0,0.0,0,0,0,217.0,0,3,0,0,3,0,0.0,0,0.0,0,0,5965.0,1.0,64.0,0.0,0,0,0,3.0,0,1,5,0,193,0,2.0,0,0.0,0,0,99.0,37.0,28.0,0.0,0,0,0,0.0,0,0.0,0.0,0.0,0.0,0.0,0,0,0,0,0,0,0,0,0,0.0,0.0,0,0,0,0,0,0,0,0,0,0,0,0,0,0,0.0,0,0,0,1,0,1,0,0,0,0,0,0.0,0,0,0.0,96.04841383884161
"Protein crops (Beans / Peas)-Straw cereals (Wheat, Triticale, Barley)",0.0,0,0,0,0,0.0,0,0.0,0,0.0,6.0,0.0,0.0,0,0,0.0,0,0,0,0,0,0,0,0,0.0,0,3.0,1,2,7,1,0,0,0,0,0,0,139.0,0.0,0,0,0,0,0.0,0,0,3.0,0,0,0,0,0,0,0,0,0,24.0,0.0,0,0,0,0,0,1,4.0,0,0,0,0,0,0,1,0,0,0,0,0,0,0,4,0,1.0,0,0,0,0,0,0,0,31,0.0,0,0,0,0,0,0,1,0,0,0.0,0,0,0,0,0,10,0,0,0,0,0,0.0,0,0,0,0,8.0,0,0.0,0,0.0,99.0,0.0,0.0,0,0,0,0,0,0,0,0,0,0,0.0,0,0,0,0.0,0.0,0.0,0,0,0,0.0,0,15,1,11,0,7.0,0,0,0.0,15601.0,3.0,0.0,0,0,0,0,0,0,0,0,0,0,0,0.0,0,0,0,0,0,0,0,0,0,0,0,0,0,0.0,0,0,0,0,0,0.0,0,0,0,0,0,0,0,0.0,0,0.0,5.0,0.0,0.0,0,0,0,0.0,0,0,20,0,31,0,0.0,0,0.0,0,0,0.0,599.0,2.0,0.0,0,0,0,0.0,0,0,0,0,0,0,0.0,0,0.0,0,0,0.0,565.0,0.0,0.0,0,0,0,0.0,0,0.0,0.0,0.0,0.0,0.0,0,0,0,0,0,0,0,0,0,0.0,0.0,0,0,0,0,0,0,0,0,0,0,0,0,0,0,0.0,0,0,0,0,0,0,0,0,0,0,0,0.0,0,0,0.0,93.71658557097375
Protein crops (Beans / Peas)-Sunflower,1.0,0,0,0,0,0.0,0,0.0,0,0.0,0.0,0.0,0.0,0,0,0.0,0,0,0,0,0,0,0,0,0.0,0,5.0,1,2,11,2,0,0,0,0,0,26,0.0,249.0,0,1,0,0,0.0,0,0,2.0,0,0,0,0,0,0,0,0,4,0.0,50.0,0,0,0,0,0,0,2.0,0,0,0,0,0,0,0,0,0,0,0,0,0,0,0,0,30.0,0,0,0,0,1,0,0,0,49.0,0,0,12,0,0,0,0,0,0,0.0,0,0,0,0,0,0,2,0,0,0,0,0.0,0,0,0,0,0.0,0,0.0,0,0.0,0.0,55.0,0.0,0,0,0,0,0,0,0,0,0,0,0.0,0,0,0,0.0,0.0,0.0,0,0,0,16.0,0,0,0,39,0,0.0,0,0,199.0,0.0,13684.0,0.0,1,0,0,0,0,0,0,1,0,0,0,0.0,0,0,1,0,0,0,0,0,0,0,0,0,0,0.0,0,0,0,0,0,3.0,0,0,0,0,0,0,0,0.0,0,0.0,0.0,6.0,0.0,1,0,0,12.0,0,2,0,0,1,0,0.0,0,0.0,0,0,11.0,0.0,2786.0,0.0,0,0,0,0.0,0,0,0,0,0,0,0.0,0,0.0,0,0,0.0,0.0,232.0,0.0,0,0,0,0.0,0,0.0,0.0,0.0,12.0,0.0,0,0,0,0,0,0,0,0,0,0.0,0.0,0,0,0,0,0,0,0,0,0,0,0,0,0,0,8.0,0,0,0,0,0,0,0,0,0,0,0,0.0,0,0,0.0,87.37070616779467
Protein crops (Beans / Peas)-Tubers/roots,0.0,0,0,0,0,0.0,0,0.0,0,0.0,0.0,0.0,0.0,0,0,0.0,0,0,0,0,0,0,0,0,0.0,0,0.0,0,0,0,0,0,0,0,0,0,0,0.0,0.0,0,0,0,0,0.0,0,0,0.0,0,0,0,0,0,0,0,0,0,0.0,0.0,0,0,0,0,0,0,0.0,0,0,0,0,0,0,0,0,0,0,0,0,0,0,0,0,0.0,0,0,0,0,0,0,0,0,0.0,0,0,0,0,0,0,0,0,0,0.0,0,0,0,0,0,0,0,0,0,0,0,0.0,0,0,0,0,0.0,0,0.0,0,0.0,0.0,1.0,1.0,0,0,0,0,0,0,0,0,0,0,0.0,0,0,0,0.0,0.0,0.0,0,0,0,0.0,0,0,0,0,0,0.0,0,0,2.0,0.0,21.0,50.0,0,0,0,0,0,0,0,0,0,0,0,0.0,0,0,0,0,0,0,0,0,0,0,0,0,0,0.0,0,0,0,0,0,0.0,0,0,0,0,0,0,0,0.0,0,0.0,0.0,0.0,0.0,0,0,0,0.0,0,0,0,0,0,0,0.0,0,0.0,0,0,0.0,0.0,26.0,68.0,0,0,0,0.0,0,0,0,0,0,0,0.0,0,0.0,0,0,0.0,0.0,0.0,0.0,0,0,0,0.0,0,0.0,0.0,0.0,0.0,0.0,0,0,0,0,0,0,0,0,0,0.0,0.0,0,0,0,0,0,0,0,0,0,0,0,0,0,0,0.0,0,0,0,0,0,0,0,0,0,0,0,0.0,0,0,0.0,75.75757575757575
Roads-Roads,15.0,0,0,0,0,0.0,0,0.0,0,7.0,0.0,0.0,0.0,0,0,0.0,0,0,0,0,0,0,0,0,10.0,0,208.0,125,63,2934,73,0,47,0,1683,22,2,21.0,61.0,0,3,0,0,0.0,0,0,85.0,0,153,0,1,0,0,32,0,0,6.0,0.0,0,0,0,0,0,0,203.0,42,21,7,153,0,0,0,1,0,0,0,3,0,42,36,10,6106.0,33,6,4,0,4348,3,0,26,9.0,0,0,3,0,0,21,1,90,69,81.0,0,9,40,0,0,1,79,0,0,1,0,0.0,0,0,13,0,0.0,0,0.0,31,0.0,5.0,0.0,0.0,0,0,0,0,0,0,0,6,0,0,1.0,0,18,0,0.0,0.0,0.0,0,0,0,0.0,0,0,0,1,0,0.0,0,4,0.0,0.0,2.0,0.0,0,0,8,0,136,20,8,3723,57,5,17,54966.0,3,37,120,4,7,0,5,0,0,6,2,0,1,31.0,0,0,0,0,0,1.0,0,1,0,7,0,0,0,0.0,3,49.0,6.0,2.0,0.0,0,0,0,12.0,0,7,3,0,106,0,8.0,0,0.0,50,0,2.0,14.0,28.0,0.0,2,0,0,17.0,0,1,0,0,32,2,0.0,0,0.0,43,0,3.0,27.0,2.0,0.0,0,0,0,0.0,0,0.0,0.0,0.0,0.0,0.0,0,0,0,2,0,0,0,0,0,0.0,0.0,0,0,0,0,0,16,0,0,25,0,0,0,0,0,7.0,0,0,0,1,0,0,0,0,0,0,0,0.0,0,0,0.0,98.36435218324982
Softwood forest-Softwood forest,0.0,0,0,0,0,0.0,0,0.0,0,0.0,0.0,0.0,0.0,0,0,0.0,0,0,0,0,0,0,0,0,0.0,0,96.0,18,166,428,189,0,10,0,0,637,0,15.0,4.0,0,1,0,7,0.0,0,0,76.0,58,3,1,0,1,0,0,16,0,1.0,0.0,0,0,0,0,0,3,848.0,7,102,10,0,282,0,0,0,0,0,0,0,0,0,0,5,1.0,2,0,0,0,0,10,0,1,0.0,0,0,0,0,1,0,0,36,18,119.0,0,0,0,111,0,0,0,0,0,0,3,0.0,0,0,0,0,0.0,0,0.0,0,0.0,0.0,0.0,0.0,0,0,0,0,0,2,6,1,0,0,3.0,0,0,2,0.0,0.0,0.0,0,0,0,0.0,0,0,0,0,0,0.0,0,0,0.0,1.0,0.0,0.0,0,0,0,0,0,0,0,0,0,0,0,0.0,0,0,0,0,0,38,31,4,330,149,214,0,0,27082.0,1,0,24,0,7,0.0,0,0,1,0,0,0,0,0.0,0,0.0,0.0,0.0,0.0,0,0,0,0.0,0,3,0,0,0,0,0.0,0,0.0,0,5,0.0,0.0,0.0,0.0,0,0,0,0.0,0,0,7,1,0,0,0.0,0,0.0,0,4,0.0,113.0,6.0,0.0,0,0,0,0.0,0,0.0,0.0,0.0,0.0,0.0,0,0,0,0,0,0,0,0,0,0.0,0.0,0,0,0,0,0,0,0,0,0,1,0,0,0,0,0.0,0,0,0,1,40,4,18,0,1,1,0,0.0,14,0,21.0,96.93607273247906
Soy-Corn,600.0,0,0,0,0,0.0,0,0.0,0,5.0,0.0,7.0,0.0,0,0,0.0,0,0,0,0,0,0,0,0,351.0,0,4.0,0,3,10,0,1,0,0,0,0,1,0.0,6.0,0,0,0,0,38.0,0,0,0.0,0,0,0,0,0,0,0,0,3,0.0,0.0,0,0,0,0,0,0,2.0,0,0,0,0,0,0,0,0,0,0,0,17,0,1,0,0,7.0,0,0,0,0,0,0,0,0,0.0,0,0,2,0,81,0,0,0,0,0.0,0,0,0,0,0,0,0,0,0,0,0,0.0,0,0,0,0,0.0,0,0.0,0,0.0,0.0,0.0,0.0,0,0,0,0,0,0,0,0,0,0,0.0,0,0,0,0.0,0.0,0.0,0,0,0,1.0,0,0,0,0,0,0.0,0,0,0.0,0.0,1.0,0.0,0,0,0,0,0,0,0,0,0,0,0,0.0,0,0,0,0,0,0,0,0,0,0,0,0,0,0.0,0,0,0,0,0,54271.0,2,1,0,10,0,0,0,0.0,0,1360.0,39.0,327.0,0.0,0,0,0,182.0,0,0,0,0,0,0,0.0,0,0.0,0,0,61.0,0.0,0.0,0.0,0,0,0,2033.0,0,2,0,0,5,0,0.0,0,0.0,0,0,318.0,14.0,59.0,0.0,0,0,0,0.0,0,0.0,0.0,0.0,0.0,13.0,0,0,0,0,0,0,0,0,0,0.0,0.0,0,0,0,0,0,0,0,0,0,0,0,0,0,0,0.0,0,0,0,0,0,0,0,0,0,0,0,0.0,0,0,0.0,92.67905324635404
Soy-Oilseeds (Rapeseed),0.0,0,0,0,0,0.0,0,0.0,0,0.0,0.0,0.0,0.0,0,0,0.0,0,0,0,0,0,0,0,0,0.0,0,0.0,0,0,0,0,0,0,0,0,0,0,0.0,0.0,0,0,0,0,0.0,0,0,0.0,0,0,0,0,0,0,0,0,0,0.0,0.0,0,0,0,0,0,0,0.0,0,0,0,0,0,0,0,0,0,0,0,0,0,0,0,0,0.0,0,3,0,0,0,0,0,0,0.0,0,0,0,0,0,0,0,0,0,0.0,0,0,0,0,0,0,0,0,0,0,0,0.0,0,0,0,0,0.0,0,0.0,0,0.0,0.0,0.0,0.0,0,0,0,0,0,0,0,0,0,0,0.0,0,0,0,0.0,0.0,0.0,0,0,0,0.0,0,0,0,0,0,0.0,0,0,0.0,0.0,0.0,0.0,0,0,0,0,0,0,0,0,0,0,0,0.0,0,0,0,0,0,0,0,0,0,0,0,0,0,0.0,0,0,0,0,0,0.0,0,0,0,0,0,0,0,0.0,0,0.0,0.0,0.0,0.0,0,0,0,0.0,0,0,0,0,0,0,1.0,0,0.0,0,0,0.0,0.0,0.0,0.0,0,0,0,0.0,0,0,0,0,0,0,93.0,0,0.0,0,0,0.0,0.0,0.0,0.0,0,0,0,0.0,0,0.0,0.0,0.0,0.0,0.0,0,0,0,0,0,0,0,0,0,0.0,0.0,0,0,0,0,0,0,0,0,0,0,0,0,0,0,0.0,0,0,0,0,0,0,0,0,0,0,0,0.0,0,0,0.0,0.0
Soy-Protein crops (Beans / Peas),0.0,0,0,0,0,6.0,0,96.0,0,0.0,0.0,0.0,0.0,0,0,0.0,0,0,0,0,0,0,0,0,0.0,0,0.0,0,0,5,0,0,0,9,0,0,0,1.0,0.0,0,0,0,0,0.0,0,0,0.0,0,0,0,0,0,0,0,0,0,0.0,0.0,0,0,0,0,0,0,0.0,0,0,0,0,0,0,0,0,0,0,0,0,0,0,0,0,0.0,0,0,0,0,0,0,0,0,0.0,0,0,0,0,0,0,0,0,0,0.0,0,0,0,0,0,0,0,0,0,0,0,0.0,0,0,0,0,0.0,0,0.0,0,0.0,0.0,0.0,0.0,0,0,0,0,0,0,0,0,0,0,0.0,0,0,0,0.0,0.0,0.0,0,0,0,0.0,0,0,0,0,0,0.0,0,0,0.0,0.0,0.0,0.0,0,0,0,0,0,0,0,0,0,0,0,0.0,0,0,0,0,0,0,0,0,0,0,0,0,0,0.0,0,0,0,0,0,0.0,0,0,0,2,0,6,0,2273.0,0,0.0,0.0,2.0,0.0,0,0,0,0.0,0,0,0,0,0,0,0.0,0,0.0,0,0,0.0,0.0,0.0,0.0,0,0,0,0.0,0,0,0,0,1,0,12.0,0,31.0,0,0,0.0,1.0,0.0,0.0,0,0,0,0.0,0,0.0,0.0,0.0,0.0,0.0,0,0,0,3,0,0,0,0,0,0.0,0.0,0,0,0,0,0,0,0,0,0,0,0,0,0,0,0.0,0,0,0,0,0,0,0,0,0,0,0,0.0,0,0,0.0,96.5590484282073
Soy-Soy,214.0,0,0,9,0,3.0,2,0.0,0,931.0,1.0,195.0,0.0,0,0,0.0,0,0,0,0,0,0,0,0,9.0,0,3.0,3,20,16,3,8,0,0,0,0,236,8.0,32.0,0,7,1,0,3.0,0,0,3.0,0,1,0,0,0,0,0,0,110,1.0,0.0,0,0,0,0,0,0,11.0,0,0,0,0,0,2,0,0,0,0,0,0,0,0,0,0,0.0,4,0,0,0,1,0,4,0,3.0,0,25,0,0,0,0,0,0,1,5.0,0,0,0,0,0,0,0,0,0,0,0,0.0,0,0,0,0,0.0,0,0.0,0,17.0,1.0,0.0,0.0,0,0,0,0,0,0,0,0,0,0,0.0,0,0,0,0.0,0.0,1.0,0,0,0,0.0,0,0,0,0,0,0.0,0,4,52.0,9.0,16.0,0.0,6,0,0,0,0,0,0,0,0,0,0,0.0,0,0,0,12,0,0,0,0,0,0,0,0,0,0.0,0,0,0,0,0,508.0,13,18,0,150,1,72,2,0.0,0,107556.0,351.0,1415.0,0.0,8,0,0,0.0,0,0,131,0,0,0,8.0,0,0.0,4,0,311.0,27.0,0.0,0.0,5,0,0,101.0,0,8,0,0,22,1,22.0,5,2.0,8,0,4891.0,72.0,525.0,0.0,93,0,0,0.0,0,0.0,0.0,0.0,0.0,0.0,0,0,0,0,0,0,0,0,1,0.0,4.0,0,0,0,0,0,0,0,0,0,0,0,0,0,0,0.0,0,0,0,0,0,0,0,0,0,0,0,0.0,0,0,0.0,96.56410762863274
"Soy-Straw cereals (Wheat, Triticale, Barley)",0.0,3,0,11,0,0.0,0,0.0,1,0.0,1117.0,2.0,0.0,4,0,0.0,0,0,0,0,0,0,0,0,1.0,0,3.0,16,0,32,3,2,0,0,0,0,0,160.0,4.0,0,3,0,0,0.0,0,0,1.0,0,0,0,0,0,0,0,0,0,0.0,0.0,0,0,0,0,0,0,0.0,0,0,0,0,0,0,0,0,0,0,0,0,0,0,0,0,1.0,0,0,0,0,0,0,0,13,0.0,0,0,0,0,0,0,0,0,0,0.0,0,0,0,0,0,3,0,0,0,0,0,0.0,0,2,0,0,0.0,0,0.0,0,0.0,1.0,0.0,0.0,0,0,0,0,0,0,0,0,0,0,0.0,0,0,0,0.0,0.0,0.0,0,0,0,0.0,0,0,0,0,0,0.0,0,0,0.0,73.0,0.0,0.0,0,0,0,0,0,0,0,0,0,0,0,0.0,0,0,0,0,0,0,0,0,0,0,0,0,0,0.0,0,0,0,0,0,11.0,2,55,0,202,0,78,0,1.0,21,28.0,69788.0,53.0,0.0,3,0,0,0.0,0,0,0,0,4,0,0.0,0,0.0,0,0,5.0,8.0,0.0,0.0,0,0,0,2.0,0,3,10,0,152,0,11.0,0,3.0,18,0,4.0,6280.0,28.0,0.0,11,0,0,0.0,0,0.0,0.0,13.0,0.0,0.0,0,0,0,0,0,0,0,0,0,0.0,0.0,0,0,0,0,0,0,0,0,0,0,0,0,0,0,0.0,0,0,0,0,0,0,0,0,0,0,0,0.0,0,0,0.0,95.20483472709167
Soy-Sunflower,1.0,0,0,1,0,0.0,0,0.0,0,3.0,45.0,244.0,0.0,0,0,0.0,0,0,0,0,0,0,0,0,1.0,0,3.0,1,0,2,0,1,1,0,0,0,2,1.0,113.0,0,0,0,0,19.0,0,0,0.0,0,0,0,0,0,0,0,0,3,0.0,35.0,0,0,0,0,0,0,0.0,0,0,0,0,0,0,0,0,0,0,0,0,0,0,0,0,0.0,0,0,0,0,0,0,0,0,5.0,0,0,0,0,0,0,0,0,0,0.0,0,0,0,0,0,0,0,0,0,0,0,0.0,0,0,0,0,0.0,0,0.0,0,0.0,0.0,2.0,0.0,0,0,0,0,0,0,0,0,0,0,0.0,0,0,0,0.0,0.0,0.0,0,0,0,0.0,0,0,0,1,0,0.0,0,0,1.0,0.0,6.0,0.0,0,0,0,0,0,0,0,0,0,0,0,0.0,0,0,0,0,0,0,0,0,0,0,0,0,0,0.0,0,0,0,0,0,236.0,1,0,0,7,0,9,0,5.0,0,285.0,862.0,40120.0,0.0,0,0,0,0.0,0,0,0,0,0,0,0.0,0,0.0,0,0,3.0,0.0,175.0,0.0,0,0,0,20.0,0,3,0,0,259,0,187.0,1,0.0,0,0,32.0,86.0,3995.0,0.0,2,0,0,0.0,0,0.0,0.0,0.0,0.0,0.0,0,0,0,0,0,0,0,0,0,0.0,0.0,0,0,0,0,0,0,0,0,0,0,0,0,0,0,0.0,0,0,0,0,0,0,0,0,0,0,0,0.0,0,0,0.0,93.61364537881794
Soy-Tubers/roots,0.0,0,0,0,0,0.0,0,0.0,0,0.0,0.0,70.0,17.0,0,0,0.0,0,0,0,0,0,0,0,0,0.0,0,0.0,0,0,0,0,0,0,0,0,0,0,0.0,0.0,0,0,0,0,0.0,0,0,0.0,0,0,0,0,0,0,0,0,0,0.0,0.0,0,0,0,0,0,0,0.0,0,0,0,0,0,0,0,0,0,0,0,0,0,0,0,0,0.0,0,0,0,0,0,0,0,0,0.0,4,0,0,0,0,0,0,0,0,0.0,0,0,0,0,0,0,0,0,0,0,0,0.0,0,0,0,0,0.0,0,0.0,0,0.0,0.0,0.0,0.0,0,0,0,0,0,0,0,0,0,0,0.0,0,0,0,0.0,0.0,0.0,0,0,0,0.0,0,0,0,0,0,0.0,0,0,0.0,0.0,0.0,8.0,0,0,0,0,0,0,0,0,0,0,0,0.0,0,0,0,0,0,0,0,0,0,0,0,0,0,0.0,0,0,0,0,0,0.0,0,0,0,0,0,0,0,0.0,0,9.0,0.0,59.0,1029.0,0,0,0,0.0,0,0,0,0,0,0,0.0,0,0.0,0,0,0.0,1.0,0.0,0.0,0,0,0,0.0,0,0,0,0,0,0,0.0,0,0.0,0,0,8.0,0.0,1.0,5.0,0,0,0,0.0,0,0.0,0.0,0.0,0.0,0.0,0,0,0,0,0,0,0,0,0,0.0,0.0,0,0,0,0,0,0,0,0,0,0,0,0,0,0,0.0,0,0,0,0,0,0,0,0,0,0,0,0.0,0,0,0.0,100.0
"Straw cereals (Wheat, Triticale, Barley)-Corn",5.0,0,0,0,0,0.0,0,0.0,0,0.0,0.0,0.0,0.0,0,0,0.0,0,0,0,0,0,0,0,0,21.0,0,3.0,0,0,0,0,0,0,0,0,0,5,0.0,9.0,0,0,0,0,154.0,0,0,0.0,0,0,0,0,0,0,0,0,5,0.0,0.0,0,0,0,0,0,0,0.0,0,0,0,0,0,0,0,0,0,0,0,3,0,0,0,0,0.0,0,0,0,0,0,0,0,0,0.0,0,0,0,0,0,0,0,0,0,0.0,0,0,0,0,0,0,0,0,0,0,0,7.0,0,0,0,0,0.0,0,0.0,0,51.0,0.0,0.0,0.0,0,0,0,0,0,0,0,0,0,0,0.0,0,0,0,0.0,0.0,0.0,0,0,0,79.0,0,0,0,0,0,0.0,0,0,1.0,0.0,34.0,0.0,0,0,0,0,0,0,0,0,0,0,0,0.0,0,0,0,0,0,0,0,0,0,0,0,0,0,0.0,0,0,0,0,0,26.0,0,0,0,0,0,0,0,0.0,0,1.0,0.0,4.0,0.0,0,0,0,56096.0,0,7,2,0,26,0,10.0,0,0.0,2,0,474.0,9.0,1817.0,0.0,4,0,0,78.0,0,0,0,0,0,0,0.0,0,0.0,0,0,1.0,1.0,10.0,0.0,0,0,0,0.0,0,0.0,0.0,0.0,0.0,0.0,0,0,0,0,0,0,0,0,0,0.0,0.0,0,0,0,0,0,0,0,0,0,0,0,0,0,0,0.0,0,0,0,0,0,0,0,0,0,0,0,0.0,0,0,0.0,93.00814086515345
"Straw cereals (Wheat, Triticale, Barley)-Oilseeds (Rapeseed)",0.0,0,0,0,0,0.0,0,0.0,0,0.0,0.0,0.0,0.0,0,0,0.0,0,0,0,0,0,0,0,0,1.0,0,2.0,2,1,19,1,24,0,0,0,0,0,3.0,0.0,0,0,0,0,0.0,0,0,7.0,0,4,0,4,0,0,0,0,0,0.0,0.0,0,0,0,0,0,0,0.0,0,0,0,0,0,0,0,0,0,0,0,0,0,0,0,0,4.0,0,6,0,0,0,0,0,0,1.0,0,0,0,0,0,0,0,0,0,0.0,0,0,0,0,0,0,0,0,0,0,0,0.0,0,0,0,0,7.0,0,0.0,0,0.0,0.0,1.0,0.0,0,0,0,0,0,0,0,0,0,0,0.0,0,0,0,0.0,0.0,0.0,0,0,0,0.0,0,0,0,2,0,97.0,0,0,0.0,6.0,0.0,0.0,0,0,0,0,0,0,0,0,0,0,0,0.0,0,0,0,0,0,0,0,0,0,0,0,0,0,0.0,0,0,0,0,0,0.0,0,0,0,0,0,0,0,0.0,0,0.0,0.0,0.0,0.0,0,0,0,1888.0,0,3,9,0,75,1,63440.0,0,61.0,0,0,3.0,136.0,189.0,1.0,0,0,0,0.0,0,1,0,0,0,0,16.0,0,0.0,0,0,0.0,3.0,0.0,0.0,0,0,0,0.0,0,0.0,0.0,0.0,0.0,0.0,0,0,0,0,0,0,0,0,0,0.0,0.0,0,0,0,0,0,0,0,0,0,0,0,0,0,0,0.0,0,0,0,0,0,0,0,0,0,0,0,0.0,0,0,0.0,96.35040930698784
"Straw cereals (Wheat, Triticale, Barley)-Protein crops (Beans / Peas)",0.0,0,0,0,0,0.0,0,0.0,0,0.0,0.0,0.0,0.0,0,0,0.0,0,0,0,0,0,0,0,0,0.0,0,2.0,0,0,3,0,0,0,0,0,0,1,0.0,1.0,0,0,0,0,0.0,0,0,0.0,0,0,0,0,0,0,0,0,0,0.0,0.0,0,0,0,0,0,0,0.0,0,0,0,0,0,0,0,0,0,0,0,0,0,0,0,0,0.0,0,0,0,0,0,0,0,0,0.0,0,0,0,0,0,0,0,0,0,0.0,0,0,0,0,0,0,0,0,0,0,0,0.0,0,0,0,0,2.0,0,0.0,0,0.0,0.0,0.0,0.0,0,0,0,0,0,0,0,0,0,0,0.0,0,0,0,0.0,0.0,0.0,0,0,0,0.0,0,0,0,0,0,0.0,2,0,0.0,0.0,0.0,0.0,0,0,0,0,0,0,0,0,0,0,0,0.0,0,0,0,0,0,0,0,0,0,0,0,0,0,0.0,0,0,0,0,0,0.0,0,0,0,0,0,0,0,0.0,0,0.0,0.0,0.0,0.0,0,0,0,12.0,0,2,0,1,24,0,490.0,5,5024.0,0,0,29.0,0.0,620.0,0.0,0,0,0,0.0,0,0,0,0,0,0,1.0,0,0.0,0,0,0.0,1.0,0.0,0.0,0,0,0,0.0,0,0.0,0.0,0.0,0.0,0.0,0,0,0,0,0,0,0,0,0,0.0,0.0,0,0,0,0,0,0,0,0,0,0,0,0,0,0,0.0,0,0,0,0,0,0,0,0,0,0,0,0.0,0,0,0.0,97.99102789155452
"Straw cereals (Wheat, Triticale, Barley)-Soy",0.0,0,0,0,0,0.0,0,0.0,0,4.0,0.0,0.0,0.0,0,0,0.0,0,0,0,0,0,0,0,0,1.0,0,6.0,0,0,7,2,0,0,0,0,0,104,0.0,67.0,0,0,0,0,0.0,0,4,21.0,0,11,0,0,0,0,0,0,13,0.0,4.0,0,0,0,0,0,0,1.0,0,0,0,0,0,0,0,0,0,0,0,0,0,1,0,0,0.0,0,0,0,0,0,0,2,0,7.0,0,0,0,0,0,0,0,1,0,0.0,0,0,0,0,0,0,0,0,0,0,0,0.0,0,0,0,0,0.0,0,0.0,0,31.0,0.0,2.0,0.0,0,0,0,0,0,0,0,0,0,0,0.0,0,0,0,0.0,0.0,0.0,0,0,0,3.0,0,0,1,2,0,0.0,0,0,357.0,0.0,69.0,0.0,0,0,0,0,0,0,0,0,0,0,0,0.0,0,0,0,0,0,0,0,0,0,0,0,0,0,0.0,0,0,0,0,0,0.0,0,0,0,0,0,0,0,0.0,0,32.0,1.0,0.0,0.0,0,0,0,531.0,0,15,2,4,9,0,11.0,0,0.0,0,0,62804.0,157.0,883.0,0.0,0,0,0,1.0,0,0,0,0,0,0,0.0,0,0.0,0,0,488.0,0.0,61.0,0.0,0,0,0,0.0,0,0.0,0.0,0.0,0.0,0.0,0,0,0,0,0,0,0,0,0,0.0,0.0,0,0,0,0,0,0,0,0,0,0,0,0,0,0,0.0,0,0,0,0,0,0,0,0,0,0,0,0.0,0,0,0.0,88.15710054603389
"Straw cereals (Wheat, Triticale, Barley)-Straw cereals (Wheat, Triticale, Barley)",0.0,0,0,0,0,0.0,0,0.0,0,0.0,9.0,0.0,0.0,0,0,0.0,0,0,0,0,0,0,0,0,0.0,0,2.0,2,0,0,0,0,0,0,0,0,0,5.0,0.0,0,0,0,0,0.0,0,0,0.0,0,0,0,0,0,0,0,0,0,0.0,0.0,0,0,0,0,0,0,0.0,0,0,0,0,0,0,0,0,0,0,0,0,0,0,0,0,0.0,0,0,0,0,0,0,0,1,0.0,0,0,0,0,0,0,0,0,0,0.0,0,0,0,0,0,0,0,0,0,0,0,0.0,0,0,0,0,0.0,0,0.0,0,0.0,1.0,0.0,0.0,0,0,0,0,0,0,0,0,0,0,0.0,0,0,0,0.0,0.0,0.0,0,0,0,0.0,0,0,0,0,0,0.0,0,0,0.0,0.0,0.0,0.0,0,0,0,0,0,0,0,0,0,0,0,0.0,0,0,0,0,0,0,0,0,0,0,0,0,0,0.0,0,0,0,0,0,0.0,0,0,0,0,0,0,0,0.0,0,0.0,4.0,0.0,0.0,0,0,0,0.0,0,0,2,0,2,0,6.0,0,0.0,0,0,1.0,7952.0,0.0,0.0,0,0,0,0.0,0,0,0,0,0,0,0.0,0,0.0,0,0,0.0,2.0,0.0,0.0,0,0,0,0.0,0,0.0,0.0,0.0,0.0,0.0,0,0,0,0,0,0,0,0,0,0.0,0.0,0,0,0,0,0,0,0,0,0,0,0,0,0,0,0.0,0,0,0,0,0,0,0,0,0,0,0,0.0,0,0,0.0,65.92604874813463
"Straw cereals (Wheat, Triticale, Barley)-Sunflower",11.0,0,0,0,0,0.0,0,0.0,0,0.0,0.0,0.0,0.0,0,0,0.0,0,0,0,0,0,0,0,0,6.0,0,11.0,6,6,33,3,0,2,0,0,0,5,2.0,403.0,0,0,0,0,0.0,0,3,4.0,2,3,1,1,0,0,0,0,10,0.0,119.0,0,0,0,0,0,0,9.0,8,0,0,0,0,0,0,0,0,0,1,1,0,0,0,0,15.0,0,0,0,0,1,0,3,0,43.0,0,0,3,0,0,0,0,0,1,0.0,0,0,0,0,0,0,0,0,0,0,0,1.0,2,0,0,0,0.0,0,0.0,0,1.0,33.0,285.0,0.0,0,0,0,0,0,0,0,0,0,0,0.0,0,0,0,0.0,0.0,0.0,0,0,0,0.0,0,0,0,0,0,0.0,0,0,8.0,0.0,858.0,0.0,0,0,0,0,0,0,0,0,0,0,0,0.0,0,0,0,0,0,0,0,0,0,0,0,0,0,0.0,0,0,0,0,0,0.0,0,0,0,0,0,0,0,0.0,0,0.0,23.0,18.0,0.0,0,0,0,330.0,0,60,3,0,130,4,49.0,1,0.0,0,0,652.0,14.0,373862.0,14.0,0,0,0,2.0,0,0,0,1,1,0,0.0,0,0.0,0,0,1.0,32.0,693.0,0.0,0,0,0,0.0,0,0.0,0.0,0.0,0.0,0.0,0,0,0,0,0,0,0,0,0,0.0,0.0,0,0,0,0,1,9,0,0,2,0,0,0,0,0,16.0,0,0,0,0,0,0,0,0,0,0,0,0.0,2,0,0.0,96.91293539431425
"Straw cereals (Wheat, Triticale, Barley)-Tubers/roots",0.0,0,0,0,0,0.0,0,0.0,0,0.0,0.0,0.0,0.0,0,0,0.0,0,0,0,0,0,0,0,0,0.0,0,1.0,0,0,0,0,0,0,0,0,0,0,0.0,0.0,0,0,0,0,0.0,0,0,0.0,0,0,0,0,0,0,0,0,0,0.0,0.0,0,0,0,0,0,0,0.0,0,0,0,0,0,0,0,0,0,0,0,0,0,0,0,0,2.0,0,0,0,0,0,0,0,0,0.0,0,0,0,0,0,0,0,0,0,0.0,0,0,0,0,0,0,0,0,0,0,0,0.0,0,0,0,0,0.0,0,0.0,0,0.0,0.0,0.0,4.0,0,0,0,0,0,0,0,0,0,0,0.0,0,0,0,0.0,0.0,0.0,0,0,0,0.0,0,0,0,0,0,0.0,0,0,0.0,0.0,0.0,0.0,0,0,0,0,0,0,0,0,0,0,0,0.0,0,0,0,0,0,0,0,0,0,0,0,0,0,0.0,0,0,0,0,0,0.0,0,0,0,0,0,0,0,0.0,0,0.0,0.0,0.0,0.0,0,0,0,33.0,0,9,0,0,49,0,374.0,0,2.0,0,0,8.0,26.0,282.0,5521.0,0,0,0,0.0,0,0,0,0,0,0,0.0,0,0.0,0,0,0.0,1.0,0.0,1.0,0,0,0,0.0,0,0.0,0.0,0.0,0.0,0.0,0,0,0,0,0,0,0,0,0,0.0,0.0,0,0,0,0,0,0,0,0,0,0,0,0,0,0,0.0,0,0,0,0,0,0,0,0,0,0,0,0.0,0,0,0.0,98.08136436311956
Sunflower-Corn,1126.0,0,0,2,0,0.0,0,0.0,0,2.0,19.0,2.0,0.0,0,0,0.0,0,0,0,0,0,0,0,0,61.0,0,5.0,1,0,5,0,0,1,0,0,0,0,0.0,7.0,0,1,0,0,0.0,0,0,0.0,0,0,0,0,0,0,0,0,0,0.0,0.0,0,0,0,0,0,0,0.0,0,0,0,0,0,0,0,0,0,0,0,13,0,0,0,0,0.0,0,0,0,0,0,0,0,0,1.0,0,0,0,0,0,0,0,0,0,0.0,0,0,0,0,0,0,0,0,0,0,0,0.0,0,0,0,0,0.0,0,0.0,0,0.0,0.0,2.0,0.0,0,0,0,0,0,0,0,0,0,0,0.0,0,0,0,0.0,0.0,0.0,0,0,0,233.0,0,0,0,0,0,0.0,0,0,0.0,0.0,0.0,0.0,0,0,0,0,0,0,0,0,0,0,0,0.0,0,0,0,0,0,0,0,0,0,0,0,0,0,0.0,0,0,0,0,0,569.0,0,0,0,0,0,0,0,0.0,0,1.0,0.0,5.0,0.0,0,0,0,14.0,0,0,0,0,0,0,0.0,0,0.0,0,0,1.0,0.0,82.0,0.0,0,0,0,38036.0,0,6,0,0,5,0,2.0,0,0.0,0,0,775.0,130.0,1005.0,0.0,0,0,0,0.0,0,0.0,0.0,0.0,0.0,0.0,0,0,0,0,0,0,0,0,0,0.0,0.0,0,0,0,0,0,0,0,0,0,0,0,0,0,0,0.0,0,0,0,0,0,0,0,0,0,0,0,0.0,0,0,0.0,87.31864095500458
Sunflower-Oilseeds (Rapeseed),0.0,0,0,0,0,0.0,0,0.0,0,0.0,1.0,0.0,0.0,0,0,0.0,0,0,0,0,0,0,0,0,0.0,0,0.0,1,0,1,0,289,0,0,0,0,0,0.0,0.0,0,0,0,0,0.0,0,0,0.0,0,0,0,0,0,0,0,0,0,0.0,0.0,0,0,0,0,0,0,0.0,0,0,0,0,0,0,0,0,0,0,0,0,0,0,0,0,0.0,0,46,0,0,0,0,0,0,0.0,0,0,0,0,0,0,0,0,0,0.0,0,0,0,0,0,0,0,0,0,0,0,0.0,0,0,0,0,0.0,0,0.0,0,0.0,0.0,0.0,0.0,0,0,0,0,0,0,0,0,0,0,0.0,0,0,0,0.0,0.0,0.0,0,0,0,0.0,0,0,0,0,0,0.0,0,0,0.0,0.0,0.0,0.0,0,0,0,0,0,0,0,0,0,0,0,0.0,0,0,0,0,0,0,0,0,0,0,0,0,0,0.0,0,0,0,0,0,0.0,0,0,0,0,0,0,0,0.0,0,0.0,0.0,0.0,0.0,0,0,0,0.0,0,0,0,0,0,0,208.0,0,0.0,0,0,0.0,0.0,0.0,0.0,0,0,0,0.0,0,0,0,0,0,0,2754.0,0,0.0,0,0,0.0,4.0,1.0,0.0,0,0,0,0.0,0,0.0,0.0,0.0,0.0,0.0,0,0,0,0,0,0,0,0,0,0.0,0.0,0,0,0,0,0,0,0,0,0,0,0,0,0,0,0.0,0,0,0,0,0,0,0,0,0,0,0,0.0,0,0,0.0,41.14132058559905
Sunflower-Protein crops (Beans / Peas),0.0,0,0,0,0,0.0,0,0.0,0,0.0,0.0,0.0,0.0,0,0,0.0,0,0,0,0,0,0,0,0,0.0,0,0.0,0,0,1,0,0,0,0,0,0,0,1.0,0.0,0,0,0,0,0.0,0,0,0.0,0,0,0,0,0,0,0,0,0,0.0,0.0,0,0,0,0,0,0,0.0,0,0,0,0,0,0,0,0,0,0,0,0,0,0,0,0,0.0,0,0,0,0,0,0,0,0,0.0,0,0,0,0,0,0,0,0,0,0.0,0,0,0,0,0,0,0,0,0,0,0,0.0,0,0,0,0,0.0,0,0.0,0,0.0,0.0,0.0,0.0,0,0,0,0,0,0,0,0,0,0,0.0,0,0,0,0.0,0.0,0.0,0,0,0,0.0,0,0,0,0,0,0.0,0,0,0.0,0.0,0.0,0.0,0,0,0,0,0,0,0,0,0,0,0,0.0,0,0,0,0,0,0,0,0,0,0,0,0,0,0.0,0,0,0,0,0,0.0,0,0,0,0,0,0,0,0.0,0,0.0,0.0,0.0,0.0,0,0,0,0.0,0,0,0,0,0,0,0.0,0,0.0,0,0,0.0,0.0,0.0,0.0,0,0,0,0.0,0,0,0,0,11,0,1880.0,0,2437.0,0,0,0.0,37.0,1.0,0.0,0,0,0,0.0,0,0.0,0.0,0.0,0.0,0.0,0,0,0,0,0,0,0,0,0,0.0,0.0,0,0,0,0,0,0,0,0,0,0,0,0,0,0,0.0,0,0,0,0,0,0,0,0,0,0,0,0.0,0,0,0.0,83.00408719346049
Sunflower-Soy,4.0,0,0,0,0,0.0,0,0.0,0,40.0,0.0,1.0,0.0,0,0,0.0,0,0,0,0,0,0,0,0,17.0,0,1.0,0,0,76,0,0,1,0,0,0,28,10.0,161.0,0,0,0,0,0.0,0,0,0.0,0,0,0,0,0,0,0,0,1,0.0,0.0,0,0,0,0,0,0,0.0,0,0,0,0,0,0,0,0,0,0,0,1,0,0,0,0,91.0,0,0,0,0,0,0,15,3,106.0,0,0,0,0,6,1,0,0,150,0.0,0,0,0,0,0,31,230,0,0,0,0,0.0,0,0,0,0,0.0,0,0.0,0,3.0,0.0,1.0,0.0,0,0,0,0,0,0,0,0,0,0,0.0,0,0,0,0.0,0.0,0.0,0,0,0,0.0,0,0,0,22,0,0.0,0,0,6.0,0.0,0.0,0.0,0,0,0,0,0,0,0,0,0,0,0,0.0,0,0,0,0,0,0,0,0,0,0,0,0,0,0.0,0,0,0,0,0,15.0,0,0,0,0,0,0,0,0.0,0,831.0,0.0,57.0,0.0,0,0,0,0.0,0,0,0,0,16,0,0.0,0,0.0,0,0,101.0,3.0,19.0,0.0,0,0,0,226.0,0,8,0,0,52,0,0.0,0,0.0,0,0,37407.0,112.0,1682.0,0.0,0,0,0,0.0,0,0.0,0.0,0.0,0.0,0.0,0,0,0,0,0,0,0,0,0,0.0,0.0,0,0,0,0,0,0,0,0,0,0,0,0,0,0,0.0,0,0,0,0,0,0,0,0,0,0,0,0.0,0,0,0.0,79.11467366016666
"Sunflower-Straw cereals (Wheat, Triticale, Barley)",10.0,0,0,0,0,0.0,0,0.0,0,0.0,70.0,1.0,0.0,0,0,0.0,0,0,0,0,0,0,0,0,0.0,0,9.0,70,1,66,4,1,0,0,0,0,0,444.0,3.0,0,0,0,0,0.0,0,0,14.0,0,1,0,0,0,0,0,0,0,6.0,0.0,0,0,0,0,0,5,10.0,1,0,0,0,0,0,31,0,0,0,0,0,0,0,2,0,0.0,0,0,0,0,0,0,0,76,0.0,0,0,0,0,0,0,0,0,0,0.0,0,0,0,0,0,3,0,0,0,0,0,0.0,0,1,0,0,0.0,0,0.0,0,0.0,60.0,2.0,0.0,0,0,0,0,0,2,0,0,0,0,0.0,0,0,0,0.0,0.0,0.0,0,0,0,0.0,0,0,0,0,0,0.0,0,0,0.0,6.0,0.0,0.0,0,0,0,0,0,0,0,0,0,0,0,0.0,0,1,0,0,0,0,0,0,0,0,0,0,0,0.0,0,0,0,0,0,1.0,0,5,0,2,0,1,0,0.0,0,0.0,612.0,4.0,0.0,0,0,0,0.0,0,1,0,0,7,0,10.0,0,0.0,0,0,0.0,45.0,52.0,0.0,0,0,0,44.0,0,34,165,18,576,16,227.0,1,79.0,0,0,98.0,472213.0,358.0,4.0,1,0,0,0.0,0,0.0,0.0,47.0,0.0,0.0,0,0,0,0,0,0,0,0,0,0.0,0.0,0,0,0,0,0,0,0,0,0,0,0,0,0,0,0.0,0,0,0,0,0,0,0,0,0,0,0,0.0,0,0,0.0,97.51409909323884
Sunflower-Sunflower,0.0,0,0,0,0,0.0,0,0.0,0,0.0,0.0,163.0,0.0,0,0,0.0,0,0,0,0,0,0,0,0,0.0,0,9.0,25,3,49,9,5,2,0,0,0,15,252.0,266.0,0,2,0,1,2.0,0,0,428.0,0,3,0,30,0,0,0,0,2,274.0,131.0,0,0,0,0,0,15,0.0,0,0,0,0,0,0,0,0,0,0,3,0,0,0,0,0,2.0,1,0,0,0,0,0,4,5,25.0,0,0,0,0,0,0,0,0,0,0.0,0,0,0,0,0,0,5,1,0,0,0,0.0,0,5,3,0,2.0,0,0.0,0,0.0,2.0,434.0,0.0,0,0,0,0,0,2,0,0,0,0,0.0,0,0,0,0.0,0.0,0.0,0,0,2,0.0,0,0,0,1,0,0.0,0,0,0.0,0.0,95.0,0.0,0,0,0,0,0,0,0,0,0,0,0,0.0,0,0,0,0,0,0,0,0,0,0,0,0,0,0.0,0,0,0,0,0,0.0,0,0,0,0,0,0,0,0.0,0,7.0,0.0,96.0,0.0,0,0,0,18.0,0,0,0,0,1,0,7.0,0,0.0,0,0,6.0,28.0,1311.0,0.0,0,0,0,15.0,0,3,17,0,35,0,307.0,0,257.0,0,0,643.0,1318.0,24870.0,5.0,1,0,0,0.0,0,0.0,0.0,0.0,0.0,0.0,0,0,0,0,0,0,0,0,0,15.0,0.0,0,0,0,0,0,0,0,0,0,0,0,0,0,0,0.0,0,0,0,0,0,0,0,0,0,0,0,0.0,1,0,0.0,65.57333825506895
Sunflower-Tubers/roots,0.0,0,0,0,0,0.0,0,0.0,0,0.0,0.0,0.0,0.0,0,0,0.0,0,0,0,0,0,0,0,0,0.0,0,0.0,0,0,0,0,0,0,0,0,0,0,0.0,0.0,0,0,0,0,0.0,0,0,0.0,0,0,0,0,0,0,0,0,0,0.0,0.0,0,0,0,0,0,0,0.0,0,0,0,0,0,0,0,0,0,0,0,0,0,0,0,0,0.0,0,0,0,0,0,0,0,0,0.0,0,0,0,0,0,0,0,0,0,0.0,0,0,0,0,0,0,0,0,0,0,0,0.0,0,0,0,0,0.0,0,0.0,0,0.0,0.0,0.0,0.0,0,0,0,0,0,0,0,0,0,0,0.0,0,0,0,0.0,0.0,0.0,0,0,0,0.0,0,0,0,0,0,0.0,0,0,0.0,0.0,0.0,0.0,0,0,0,0,0,0,0,0,0,0,0,0.0,0,0,0,0,0,0,0,0,0,0,0,0,0,0.0,0,0,0,0,0,0.0,0,0,0,0,0,0,0,0.0,0,0.0,0.0,0.0,0.0,0,0,0,0.0,0,0,0,0,0,0,0.0,0,0.0,0,0,0.0,0.0,0.0,0.0,0,0,0,0.0,0,0,0,0,0,0,0.0,0,0.0,0,0,0.0,0.0,6.0,728.0,0,0,0,0.0,0,0.0,0.0,0.0,0.0,0.0,0,0,0,0,0,0,0,0,0,0.0,0.0,0,0,0,0,0,0,0,0,0,0,0,0,0,0,0.0,0,0,0,0,0,0,0,0,0,0,0,0.0,0,0,0.0,96.29629629629629
Tubers/roots-Corn,11.0,0,0,0,0,0.0,0,0.0,0,0.0,0.0,0.0,0.0,0,0,0.0,0,0,0,0,0,0,0,0,8.0,0,0.0,0,0,0,0,0,0,0,0,0,0,0.0,0.0,0,0,0,0,0.0,0,0,0.0,0,0,0,0,0,0,0,0,0,0.0,0.0,0,0,0,0,0,0,0.0,0,0,0,0,0,0,0,0,0,0,0,4,0,0,0,0,0.0,0,0,0,0,0,0,0,0,0.0,0,0,0,0,0,0,0,0,0,0.0,0,0,0,0,0,0,0,0,0,0,0,0.0,0,0,0,0,0.0,0,0.0,0,0.0,0.0,0.0,0.0,0,0,0,0,0,0,0,0,0,0,0.0,0,0,0,0.0,0.0,0.0,0,0,0,0.0,0,0,0,0,0,0.0,0,0,0.0,0.0,0.0,0.0,0,0,0,0,0,0,0,0,0,0,0,0.0,0,0,0,0,0,0,0,0,0,0,0,0,0,0.0,0,0,0,0,0,83.0,0,0,0,0,0,0,0,0.0,0,0.0,0.0,0.0,0.0,0,0,0,0.0,0,0,0,0,0,0,0.0,0,0.0,0,0,0.0,0.0,0.0,0.0,0,0,0,119.0,0,0,0,0,0,0,0.0,0,0.0,0,0,0.0,0.0,0.0,0.0,0,0,0,2763.0,0,0.0,0.0,0.0,0.0,0.0,0,0,0,0,0,0,0,0,0,0.0,0.0,0,0,0,0,0,0,0,0,0,0,0,0,0,0,0.0,0,0,0,0,0,0,0,0,0,0,0,0.0,0,0,0.0,99.96382054992765
Tubers/roots-Oilseeds (Rapeseed),0.0,0,0,0,0,0.0,0,0.0,0,0.0,0.0,0.0,0.0,0,0,0.0,0,0,0,0,0,0,0,0,0.0,0,0.0,0,0,0,0,0,0,0,0,0,0,0.0,0.0,0,0,0,0,0.0,0,0,0.0,0,0,0,0,0,0,0,0,0,0.0,0.0,0,0,0,0,0,0,0.0,0,0,0,0,0,0,0,0,0,0,0,0,0,0,0,0,0.0,0,0,0,0,0,0,0,0,0.0,0,0,0,0,0,0,0,0,0,0.0,0,0,0,0,0,0,0,0,0,0,0,0.0,0,0,0,0,0.0,0,0.0,0,0.0,0.0,0.0,0.0,0,0,0,0,0,0,0,0,0,0,0.0,0,0,0,0.0,0.0,0.0,0,0,0,0.0,0,0,0,0,0,0.0,0,0,0.0,0.0,0.0,0.0,0,0,0,0,0,0,0,0,0,0,0,0.0,0,0,0,0,0,0,0,0,0,0,0,0,0,0.0,0,0,0,0,0,0.0,0,0,0,0,0,0,0,0.0,0,0.0,0.0,0.0,0.0,0,0,0,0.0,0,0,0,0,0,0,0.0,0,0.0,0,0,0.0,0.0,0.0,0.0,0,0,0,0.0,0,0,0,0,0,0,0.0,0,0.0,0,0,0.0,0.0,0.0,0.0,0,0,0,0.0,0,58.0,0.0,0.0,0.0,0.0,0,0,0,0,0,0,0,0,0,0.0,0.0,0,0,0,0,0,0,0,0,0,0,0,0,0,0,0.0,0,0,0,0,0,0,0,0,0,0,0,0.0,0,0,0.0,92.06349206349206
Tubers/roots-Soy,0.0,0,0,0,0,0.0,0,0.0,0,0.0,0.0,0.0,0.0,0,0,0.0,0,0,0,0,0,0,0,0,0.0,0,0.0,0,0,0,0,0,0,0,0,0,2,0.0,0.0,0,0,0,0,0.0,0,0,0.0,0,0,0,0,0,0,0,0,0,0.0,0.0,0,0,0,0,0,0,0.0,0,0,0,0,0,0,0,0,0,0,0,0,0,0,0,0,0.0,0,0,0,0,0,0,5,0,0.0,0,0,0,0,0,0,0,0,0,0.0,0,0,0,0,0,0,0,0,0,0,0,0.0,0,0,0,0,0.0,0,0.0,0,0.0,0.0,0.0,0.0,0,0,0,0,0,0,0,0,0,0,0.0,0,0,0,0.0,0.0,0.0,0,0,0,0.0,0,0,0,0,0,0.0,0,0,0.0,0.0,0.0,0.0,0,0,0,0,0,0,0,0,0,0,0,0.0,0,0,0,0,0,0,0,0,0,0,0,0,0,0.0,0,0,0,0,0,0.0,0,0,0,0,0,0,0,0.0,0,0.0,0.0,0.0,0.0,0,0,0,0.0,0,0,0,0,0,0,0.0,0,0.0,0,0,6.0,0.0,0.0,0.0,0,0,0,0.0,0,0,0,0,0,0,0.0,0,0.0,0,0,333.0,0.0,5.0,0.0,0,0,0,0.0,0,0.0,249.0,0.0,1.0,0.0,0,0,0,0,0,0,0,0,0,0.0,0.0,0,0,0,0,0,0,0,0,0,0,0,0,0,0,0.0,0,0,0,0,0,0,0,0,0,0,0,0.0,0,0,0.0,100.0
"Tubers/roots-Straw cereals (Wheat, Triticale, Barley)",0.0,0,0,0,0,0.0,0,0.0,0,0.0,0.0,0.0,0.0,0,0,0.0,0,0,0,0,0,0,0,0,0.0,0,0.0,0,0,0,0,1,0,0,0,0,0,11.0,0.0,0,0,0,0,0.0,0,0,0.0,0,0,0,0,0,0,0,0,0,0.0,0.0,0,0,0,0,0,0,0.0,0,0,0,0,0,0,0,0,0,0,0,0,0,0,0,0,0.0,0,0,0,0,0,0,0,0,0.0,0,0,0,0,0,0,0,0,0,0.0,0,0,0,0,0,0,0,0,0,0,0,0.0,0,0,0,0,0.0,0,0.0,0,0.0,0.0,0.0,0.0,0,0,0,0,0,0,0,0,0,0,0.0,0,0,0,0.0,0.0,0.0,0,0,0,0.0,0,0,0,0,0,0.0,0,0,0.0,9.0,0.0,0.0,0,0,0,0,0,0,0,0,0,0,0,0.0,0,0,0,0,0,0,0,0,0,0,0,0,0,0.0,0,0,0,0,0,0.0,0,0,0,0,0,0,0,0.0,0,0.0,0.0,0.0,0.0,0,0,0,0.0,0,1,0,0,0,0,0.0,0,0.0,0,0,0.0,6.0,0.0,0.0,0,0,0,0.0,0,0,0,0,1,0,11.0,0,4.0,0,0,0.0,362.0,5.0,3.0,0,0,0,0.0,0,0.0,0.0,3607.0,0.0,0.0,0,0,0,0,0,0,0,0,0,0.0,0.0,0,0,0,0,0,0,0,0,0,0,0,0,0,0,0.0,0,0,0,0,0,0,0,0,0,0,0,0.0,0,0,0.0,97.61840324763193
Tubers/roots-Sunflower,0.0,0,0,0,0,0.0,0,0.0,0,0.0,0.0,0.0,0.0,0,0,0.0,0,0,0,0,0,0,0,0,0.0,0,0.0,0,0,0,0,0,0,0,0,0,0,0.0,0.0,0,0,0,0,0.0,0,0,0.0,0,0,0,0,0,0,0,0,0,0.0,0.0,0,0,0,0,0,0,0.0,0,0,0,0,0,0,0,0,0,0,0,0,0,0,0,0,0.0,0,0,0,0,0,0,0,0,0.0,0,0,0,0,0,0,0,0,0,0.0,0,0,0,0,0,0,0,0,0,0,0,0.0,0,0,0,0,0.0,0,0.0,0,0.0,0.0,0.0,0.0,0,0,0,0,0,0,0,0,0,0,0.0,0,0,0,0.0,0.0,0.0,0,0,0,0.0,0,0,0,0,0,0.0,0,0,0.0,0.0,0.0,0.0,0,0,0,0,0,0,0,0,0,0,0,0.0,0,0,0,0,0,0,0,0,0,0,0,0,0,0.0,0,0,0,0,0,0.0,0,0,0,0,0,0,0,0.0,0,0.0,0.0,0.0,0.0,0,0,0,0.0,0,0,0,0,0,0,0.0,0,0.0,0,0,0.0,0.0,0.0,0.0,0,0,0,0.0,0,0,0,0,0,0,0.0,0,0.0,0,0,0.0,0.0,0.0,0.0,0,0,0,0.0,0,0.0,0.0,0.0,2.0,0.0,0,0,0,0,0,0,0,0,0,0.0,0.0,0,0,0,0,0,0,0,0,0,0,0,0,0,0,0.0,0,0,0,0,0,0,0,0,0,0,0,0.0,0,0,0.0,13.333333333333334
Vineyards-Corn,0.0,0,0,0,0,0.0,0,0.0,0,0.0,0.0,0.0,0.0,0,0,0.0,0,0,0,0,0,0,0,0,11.0,0,0.0,0,0,0,0,0,0,0,0,0,2,0.0,0.0,0,0,0,0,18.0,0,0,0.0,0,0,0,0,0,0,0,0,8,0.0,0.0,0,0,0,0,0,0,0.0,0,0,0,0,0,0,0,0,0,0,0,0,0,0,0,0,0.0,0,0,0,0,0,0,0,0,0.0,0,0,0,0,0,0,0,0,0,0.0,0,0,0,0,0,0,0,0,0,0,0,0.0,0,0,0,0,0.0,0,0.0,0,0.0,0.0,0.0,0.0,0,0,0,0,0,0,0,0,0,0,0.0,0,0,0,0.0,0.0,0.0,0,0,0,0.0,0,0,0,0,0,0.0,0,0,0.0,0.0,0.0,0.0,0,0,0,0,0,0,0,0,0,0,0,0.0,0,0,0,0,0,0,0,0,0,0,0,0,0,0.0,0,0,0,0,0,0.0,0,0,0,0,0,0,0,0.0,0,0.0,0.0,0.0,0.0,0,0,0,0.0,0,0,0,0,0,0,0.0,0,0.0,0,0,0.0,0.0,0.0,0.0,0,0,0,0.0,0,0,0,0,0,0,0.0,0,0.0,0,0,0.0,0.0,0.0,0.0,0,0,0,0.0,0,0.0,0.0,0.0,0.0,1.0,0,0,0,0,0,0,0,0,0,0.0,0.0,0,0,0,0,0,0,0,0,0,0,0,0,0,0,0.0,0,3,0,0,0,0,0,0,0,0,6,0.0,0,0,0.0,0.5291005291005291
Vineyards-Soy,0.0,0,0,0,0,0.0,0,0.0,0,0.0,0.0,0.0,0.0,0,0,0.0,0,0,0,0,0,0,0,0,0.0,0,0.0,0,0,0,0,0,0,0,0,0,0,0.0,0.0,0,0,0,0,0.0,0,0,0.0,0,0,0,0,0,0,0,0,0,0.0,0.0,0,0,0,0,0,0,0.0,0,0,0,0,0,0,0,0,0,0,0,0,0,0,0,0,0.0,0,0,0,0,0,0,0,0,0.0,0,0,0,0,0,0,0,0,0,0.0,0,0,0,0,0,0,0,0,0,0,0,0.0,0,0,0,0,0.0,0,0.0,0,0.0,0.0,0.0,0.0,0,0,0,0,0,0,0,0,0,0,0.0,0,0,0,0.0,0.0,0.0,0,0,0,0.0,0,0,0,0,0,0.0,0,0,0.0,0.0,0.0,0.0,0,0,0,0,0,0,0,0,0,0,0,0.0,0,0,0,0,0,0,0,0,0,0,0,0,0,0.0,0,0,0,0,0,0.0,0,0,0,0,0,0,0,0.0,0,0.0,0.0,0.0,0.0,0,0,0,0.0,0,0,0,0,0,0,0.0,0,0.0,0,0,23.0,0.0,0.0,0.0,0,0,0,0.0,0,0,0,0,0,0,0.0,0,0.0,0,0,0.0,0.0,0.0,0.0,0,0,0,0.0,0,0.0,0.0,0.0,0.0,0.0,0,0,0,0,0,0,0,0,0,0.0,0.0,0,0,0,0,0,0,0,0,0,0,0,0,0,0,0.0,0,0,0,0,0,0,0,0,0,0,0,0.0,0,0,0.0,0.0
Vineyards-Sunflower,0.0,0,0,0,0,0.0,0,0.0,0,0.0,0.0,0.0,0.0,0,0,0.0,0,0,0,0,0,0,0,0,0.0,0,0.0,0,0,0,0,0,0,0,0,0,0,0.0,1.0,0,0,0,0,0.0,0,0,0.0,0,0,0,0,0,0,0,0,0,0.0,0.0,0,0,0,0,0,0,0.0,0,0,0,0,0,0,0,0,0,0,0,0,0,0,0,0,0.0,0,0,0,0,0,0,0,0,0.0,0,0,0,0,0,0,0,0,0,0.0,0,0,0,0,0,0,0,0,0,0,0,0.0,0,0,0,0,0.0,0,0.0,0,0.0,0.0,0.0,0.0,0,0,0,0,0,0,0,0,0,0,0.0,0,0,0,0.0,0.0,0.0,0,0,0,0.0,0,0,0,0,0,0.0,0,0,0.0,0.0,0.0,0.0,0,0,0,0,0,0,0,0,0,0,0,0.0,0,0,0,0,0,0,0,0,0,0,0,0,0,0.0,0,0,0,0,0,0.0,0,0,0,0,0,0,0,0.0,0,0.0,0.0,0.0,0.0,0,0,0,0.0,0,0,0,0,0,0,0.0,0,0.0,0,0,0.0,0.0,6.0,0.0,0,0,0,0.0,0,0,0,0,0,0,0.0,0,0.0,0,0,0.0,0.0,37.0,0.0,0,0,0,0.0,0,0.0,0.0,0.0,0.0,0.0,0,0,0,0,0,0,0,0,0,36.0,0.0,0,0,0,0,0,0,0,0,0,0,0,0,0,0,0.0,0,0,0,0,0,0,0,0,0,0,0,0.0,0,0,0.0,10.434782608695652
Vineyards-Vineyards,4.0,0,0,0,0,0.0,0,0.0,0,0.0,0.0,0.0,0.0,14,0,0.0,0,0,0,0,0,0,0,0,184.0,0,2792.0,230,0,2516,160,18,106,0,0,0,163,52.0,1574.0,0,6916,0,1,1.0,0,0,264.0,4,28,4,36,50,0,0,0,0,93.0,47.0,37,0,18,0,0,0,1.0,0,0,0,0,0,0,0,0,0,0,0,0,0,30,23,0,114.0,8,1,0,0,0,0,1,17,78.0,0,120,0,0,0,1,1,0,9,19.0,0,0,0,0,0,0,0,0,12,0,1,0.0,1,14,8,0,6.0,0,0.0,0,0.0,20.0,23.0,0.0,16,0,0,0,0,0,0,0,0,0,17.0,0,0,0,0.0,0.0,0.0,0,0,0,4.0,208,110,0,109,37,8.0,0,0,0.0,17.0,52.0,0.0,16,0,0,0,0,0,0,0,0,0,0,0.0,0,0,0,0,0,0,0,0,0,0,0,0,0,0.0,0,0,0,0,0,0.0,12,0,0,16,9,0,0,0.0,0,1.0,0.0,1.0,0.0,17,0,0,31.0,0,8,0,0,25,0,5.0,0,0.0,0,0,16.0,86.0,122.0,0.0,198,0,0,43.0,0,254,12,0,316,6,0.0,33,1.0,0,0,274.0,31.0,1761.0,0.0,879,0,2,0.0,0,0.0,0.0,0.0,0.0,173.0,390,120,0,914,28,10,4,5,15,287.0,38908.0,0,0,0,0,0,0,0,0,0,0,0,0,0,0,0.0,0,0,0,6,2,1,0,0,0,0,0,0.0,0,3,21.0,99.93322032156983
Water-Sunflower,0.0,0,0,0,0,0.0,0,0.0,0,0.0,0.0,0.0,0.0,0,0,0.0,0,0,0,0,0,0,0,0,0.0,0,0.0,0,0,0,0,0,0,0,0,0,0,0.0,0.0,0,0,0,0,0.0,0,0,0.0,0,0,0,0,0,0,0,0,0,0.0,0.0,0,0,0,0,0,0,0.0,0,0,0,0,0,0,0,0,0,0,0,0,0,0,0,0,0.0,0,0,0,0,0,0,0,0,0.0,0,0,0,0,0,0,0,0,0,0.0,0,0,0,0,0,0,0,0,0,0,0,0.0,0,0,0,0,0.0,0,0.0,0,0.0,0.0,0.0,0.0,0,0,0,0,0,0,0,0,0,0,0.0,0,0,0,0.0,0.0,0.0,0,0,0,0.0,0,0,0,0,0,0.0,0,0,0.0,0.0,0.0,0.0,0,0,0,0,0,0,0,0,0,0,0,0.0,0,0,0,0,0,0,0,0,0,0,0,0,0,0.0,0,0,0,0,0,0.0,0,0,0,0,0,0,0,0.0,0,0.0,0.0,0.0,0.0,0,0,0,0.0,0,0,0,0,0,0,0.0,0,0.0,0,0,0.0,0.0,22.0,0.0,0,0,0,0.0,0,0,0,0,0,0,0.0,0,0.0,0,0,0.0,0.0,0.0,0.0,0,0,0,0.0,0,0.0,0.0,0.0,0.0,0.0,0,0,0,0,0,0,0,0,0,0.0,0.0,0,0,0,0,0,0,0,0,0,0,0,0,0,0,0.0,0,0,0,0,0,0,0,0,0,0,0,0.0,0,0,0.0,0.0
Water-Water,0.0,0,0,0,0,0.0,0,0.0,0,0.0,0.0,0.0,0.0,0,0,0.0,0,0,0,0,0,0,0,0,0.0,0,7.0,3,59,27,44,0,30,0,0,6,3,0.0,8.0,0,0,56,0,0.0,0,0,17.0,0,4,0,0,1,0,0,0,0,0.0,0.0,0,2,0,0,0,0,16.0,0,0,0,0,0,1,0,0,0,17,0,1,0,1,2,2,425.0,10,0,4,0,8,0,1,10,12.0,0,0,92,0,0,0,0,33,4,63.0,0,2,0,2,0,0,0,0,0,18,0,0.0,0,1,4,0,0.0,0,0.0,1,0.0,0.0,0.0,0.0,0,2,0,0,0,0,0,0,0,0,1.0,0,0,0,0.0,0.0,0.0,0,2,0,0.0,0,5,0,6,0,0.0,0,0,0.0,19.0,1.0,0.0,0,0,0,0,0,0,1,22,4,0,0,11.0,0,5,0,0,9,0,0,0,0,0,0,0,0,1.0,0,0,0,5,0,1.0,0,6,4,0,0,0,7,0.0,0,0.0,0.0,5.0,0.0,0,3,0,0.0,0,1,4,1,1,0,0.0,1,0.0,0,0,2.0,17.0,9.0,0.0,0,3,0,2.0,0,6,3,2,39,0,0.0,21,0.0,0,0,0.0,1.0,7.0,0.0,0,17,0,0.0,0,0.0,0.0,0.0,0.0,0.0,0,0,0,0,0,0,0,0,0,0.0,0.0,10,0,24,94,122,953,173,78,30,13,184,41,215,1,336520.0,38,1,0,0,0,8,0,0,0,0,20,0.0,3,0,0.0,99.91656794368188
Woody moorlands-Oilseeds (Rapeseed),0.0,0,0,0,0,0.0,0,0.0,0,0.0,0.0,0.0,0.0,0,0,0.0,0,0,0,0,0,0,0,0,0.0,0,0.0,0,0,0,0,0,0,0,0,0,0,0.0,0.0,0,0,0,0,0.0,0,0,0.0,0,0,0,0,0,0,0,0,0,0.0,0.0,0,0,0,0,0,0,0.0,0,0,0,0,0,0,0,0,0,0,0,0,0,0,0,0,0.0,0,0,0,0,0,0,0,0,0.0,0,0,0,0,0,0,0,0,0,0.0,0,0,0,0,0,0,0,0,0,0,0,0.0,0,0,0,0,0.0,0,0.0,0,0.0,0.0,0.0,0.0,0,0,0,0,0,0,0,0,0,0,0.0,0,0,0,0.0,0.0,0.0,0,0,0,0.0,0,0,0,2,0,4.0,0,0,1.0,0.0,0.0,0.0,0,0,0,0,0,0,0,0,0,0,0,0.0,0,0,0,0,0,0,0,0,0,0,0,0,0,0.0,0,0,0,0,0,0.0,0,0,0,0,0,0,0,0.0,0,0.0,0.0,0.0,0.0,0,0,0,0.0,0,0,0,0,2,0,102.0,0,0.0,0,0,0.0,0.0,0.0,0.0,0,0,0,0.0,0,0,0,0,0,0,0.0,0,0.0,0,0,0.0,0.0,0.0,0.0,0,0,0,0.0,0,0.0,0.0,0.0,0.0,0.0,0,0,0,0,0,0,0,0,0,0.0,0.0,0,0,0,0,0,0,0,0,0,0,0,0,0,0,0.0,0,0,0,0,0,0,0,0,0,0,0,0.0,0,0,0.0,0.0
Woody moorlands-Soy,0.0,0,0,0,0,0.0,0,0.0,0,0.0,0.0,0.0,0.0,0,0,0.0,0,0,0,0,0,0,0,0,0.0,0,0.0,0,0,0,0,0,0,0,0,0,0,0.0,0.0,0,0,0,0,0.0,0,0,0.0,0,0,0,0,0,0,0,0,0,0.0,0.0,0,0,0,0,0,0,0.0,0,0,0,0,0,0,0,0,0,0,0,0,0,0,0,0,0.0,0,0,0,0,0,0,0,0,0.0,0,0,0,0,0,0,0,0,0,0.0,0,0,0,0,0,0,0,0,0,0,0,0.0,0,0,0,0,0.0,0,0.0,0,0.0,0.0,0.0,0.0,0,0,0,0,0,0,0,0,0,0,0.0,0,0,0,0.0,0.0,0.0,0,0,0,0.0,0,0,0,0,0,0.0,0,0,0.0,0.0,0.0,0.0,0,0,0,0,0,0,0,0,0,0,0,0.0,0,0,0,0,0,0,0,0,0,0,0,0,0,0.0,0,0,0,0,0,0.0,0,0,0,0,0,0,0,0.0,0,0.0,0.0,0.0,0.0,0,0,0,0.0,0,0,0,0,0,0,0.0,0,0.0,0,0,15.0,0.0,0.0,0.0,0,0,0,0.0,0,0,0,0,0,0,0.0,0,0.0,0,0,0.0,0.0,0.0,0.0,0,0,0,0.0,0,0.0,0.0,0.0,0.0,0.0,0,0,0,0,0,0,0,0,0,0.0,0.0,0,0,0,0,0,0,0,0,0,0,0,0,0,0,0.0,0,0,0,0,0,0,0,0,0,0,0,0.0,0,0,0.0,0.0
"Woody moorlands-Straw cereals (Wheat, Triticale, Barley)",0.0,0,0,0,0,0.0,0,0.0,0,0.0,0.0,0.0,0.0,0,0,0.0,0,0,0,0,0,0,0,0,0.0,0,0.0,0,0,0,0,0,0,0,0,0,0,0.0,0.0,0,0,0,0,0.0,0,0,0.0,0,0,0,0,0,0,0,0,0,0.0,0.0,0,0,0,0,0,0,0.0,0,0,0,0,0,0,0,0,0,0,0,0,0,0,0,0,0.0,0,0,0,0,0,0,0,1,0.0,0,0,0,0,0,0,0,0,0,0.0,0,0,0,0,0,0,0,0,0,0,0,0.0,0,0,0,0,0.0,0,0.0,0,0.0,0.0,0.0,0.0,0,0,0,0,0,0,0,0,0,0,0.0,0,0,0,0.0,0.0,0.0,0,0,0,0.0,0,0,0,0,0,0.0,0,0,0.0,0.0,0.0,0.0,0,0,0,0,0,0,0,0,0,0,0,0.0,0,0,0,0,0,0,0,0,0,0,0,0,0,0.0,0,0,0,0,0,0.0,0,0,0,0,0,0,0,0.0,0,0.0,0.0,0.0,0.0,0,0,0,0.0,0,0,0,0,0,0,0.0,0,0.0,0,0,0.0,327.0,0.0,0.0,0,0,6,0.0,0,0,0,0,0,0,0.0,0,0.0,0,0,0.0,0.0,0.0,0.0,0,0,0,0.0,0,0.0,0.0,0.0,0.0,0.0,0,0,0,0,0,0,0,0,0,0.0,0.0,0,0,0,0,0,0,0,0,0,0,0,0,0,0,0.0,0,0,0,0,0,0,0,0,0,0,0,1.0,0,0,0.0,16.666666666666664
Woody moorlands-Sunflower,0.0,0,0,0,0,0.0,0,0.0,0,0.0,0.0,0.0,0.0,0,0,0.0,0,0,0,0,0,0,0,0,0.0,0,0.0,0,0,0,0,0,0,0,0,0,0,0.0,0.0,0,0,0,0,0.0,0,0,0.0,0,0,0,0,0,0,0,0,0,0.0,0.0,0,0,0,0,0,0,0.0,0,0,0,0,0,0,0,0,0,0,0,0,0,0,0,0,0.0,0,0,0,0,0,0,0,0,0.0,0,0,0,0,0,0,0,0,0,0.0,0,0,0,0,0,0,0,0,0,0,0,0.0,0,0,0,0,0.0,0,0.0,0,0.0,0.0,0.0,0.0,0,0,0,0,0,0,0,0,0,0,0.0,0,0,0,0.0,0.0,0.0,0,0,0,0.0,0,0,0,0,0,0.0,0,0,0.0,0.0,0.0,0.0,0,0,0,0,0,0,0,0,0,0,0,0.0,0,0,0,0,0,0,0,0,0,0,0,0,0,0.0,0,0,0,0,0,0.0,0,0,0,0,0,0,0,0.0,0,0.0,0.0,0.0,0.0,0,0,0,0.0,0,0,0,0,0,0,0.0,0,0.0,0,0,0.0,0.0,11.0,0.0,0,0,0,0.0,0,0,0,0,0,0,0.0,0,0.0,0,0,0.0,0.0,0.0,0.0,0,0,0,0.0,0,0.0,0.0,0.0,0.0,0.0,0,0,0,0,0,0,0,0,0,0.0,0.0,0,0,0,0,0,0,0,0,0,0,0,0,0,0,0.0,0,0,0,0,0,0,0,0,0,0,0,0.0,0,0,0.0,0.0
Woody moorlands-Woody moorlands,0.0,0,0,0,0,0.0,0,0.0,0,0.0,14.0,4.0,0.0,0,16,0.0,0,0,0,0,0,0,0,0,2.0,0,222.0,566,75,702,577,10,12,0,1,0,3,3.0,85.0,0,18,2,603,2.0,0,6,1756.0,80,106,121,2,27,0,0,0,3,11.0,28.0,11,0,349,0,0,2,1313.0,0,40,6,0,0,3,0,7,0,0,173,1,0,16,40,7,839.0,50,4,0,0,2,0,1,5,9.0,0,1,1,15,0,7,57,62,67,1008.0,0,0,0,3,2,0,32,0,1,0,230,1.0,0,0,2,0,0.0,0,0.0,0,0.0,47.0,0.0,0.0,0,0,2,0,0,10,17,0,0,0,0.0,0,0,0,0.0,0.0,0.0,0,0,11,1.0,0,11,0,1,0,0.0,0,0,0.0,2.0,1.0,0.0,0,3,0,0,0,0,0,0,1,0,0,0.0,0,0,0,0,0,0,0,0,0,4,2,0,0,3.0,0,0,0,0,4,41.0,0,8,4,0,0,0,0,0.0,0,18.0,10.0,3.0,0.0,0,0,2,56.0,0,0,18,0,10,1,21.0,0,0.0,0,0,74.0,116.0,632.0,0.0,1,0,44,1.0,0,41,23,4,58,4,0.0,0,0.0,0,0,0.0,39.0,73.0,0.0,0,0,94,0.0,0,0.0,0.0,0.0,0.0,0.0,0,0,0,2,0,0,0,0,0,0.0,0.0,0,0,0,0,0,0,0,0,0,0,0,0,0,0,11.0,0,0,39,445,540,120,607,2,2,0,33,0.0,131,6,10412.0,91.42957499121883
precision,94.2247597358838,0,0,0,0,70.68506847113856,0,77.39449156979788,0,89.44796757389008,95.26322398137356,95.36702732913339,85.06344913667569,0,0,13.812608770653645,0,0,0,0,0,0,0,0,3.98806860551827,0,96.00767172753143,0,0,0,0,0,0,0,0,0,0,48.913043478260875,22.13854003878669,0,0,0,0,84.88402446300717,0,0,82.99479797608879,0,0,0,0,0,0,0,0,0,95.71917808219177,85.02462832283115,0,0,0,0,0,0,96.27311816813463,0,0,0,0,0,0,0,0,0,0,0,0,0,0,0,0,69.10653449573304,0,0,0,0,0,0,0,0,5.647014459279511,0,0,0,0,0,0,0,0,0,57.62147197055027,0,0,0,0,0,0,0,0,0,0,0,94.25707895773566,0,0,0,0,17.26821289762332,0,82.3909838482456,0,94.64979212216848,96.50163772739425,93.23485513562989,71.47004323656579,0,0,0,0,0,0,0,0,0,0,79.14919301183325,0,0,0,53.583540583314495,42.20878346641616,76.79242447016384,0,0,0,82.29007336240912,0,0,0,0,0,68.65063784607592,0,0,66.85503994194539,90.18066812153553,77.71745269841196,20.428376872601213,0,0,0,0,0,0,0,0,0,0,0,71.55786035875892,0,0,0,0,0,0,0,0,0,0,0,0,0,85.9229510079468,0,0,0,0,0,90.55629079687563,0,0,0,0,0,0,0,89.32785432525327,0,90.8223735594662,89.07756402861041,85.5936908138585,78.48970251716247,0,0,0,95.0167557586877,0,0,0,0,0,0,95.9549622846623,0,79.51894799819958,0,0,95.43497761841883,98.7221974711471,98.92598879911993,86.11651742074652,0,0,0,90.13415672329256,0,0,0,0,0,0,82.3037563613132,0,54.75169090524533,0,0,89.89017378682075,99.28398201538813,79.44526102072173,87.67954322419484,0,0,0,89.4764369197805,0,38.650306748466264,35.5206847360913,87.57791198028426,13.043478260869565,2.0190150624933234,0,0,0,0,0,0,0,0,0,39.80769230769231,63.20344737988778,0,0,0,0,0,0,0,0,0,0,0,0,0,0,99.01085747606356,0,0,0,0,0,0,0,0,0,0,0,0.2843601895734597,0,0,44.531066702340034,0.0
